task	class	method	rank	feature_index	unitig_id	attribution	unitig_len	n_samples_used
feature	archeological site	ig	1	101159	3462275	0.055925868451595306	62	11
feature	archeological site	ig	2	62454	3319625	0.03320680931210518	63	11
feature	archeological site	ig	3	105411	3476413	0.027699870988726616	87	11
feature	archeological site	ig	4	40792	3108998	0.02490970306098461	61	11
feature	archeological site	ig	5	26854	2930164	0.020756682381033897	93	11
feature	archeological site	ig	6	52166	3225345	0.02057114988565445	74	11
feature	archeological site	ig	7	40242	3086093	0.01980433613061905	73	11
feature	archeological site	ig	8	69694	3342780	0.019723089411854744	72	11
feature	archeological site	ig	9	84676	3408017	0.018987076357007027	98	11
feature	archeological site	ig	10	42335	3129605	0.018895430490374565	61	11
feature	archeological site	ig	11	64896	3326563	0.01751689985394478	81	11
feature	archeological site	ig	12	90521	3429922	0.016412287950515747	61	11
feature	archeological site	ig	13	31889	3023029	0.01606902852654457	83	11
feature	archeological site	ig	14	79129	3391604	0.014413878321647644	98	11
feature	archeological site	ig	15	51957	3225071	0.014372297562658787	63	11
feature	archeological site	ig	16	5505	2822463	0.01329389214515686	81	11
feature	archeological site	ig	17	71907	3349685	0.013170484453439713	104	11
feature	archeological site	ig	18	102362	3465923	0.013144253753125668	78	11
feature	archeological site	ig	19	50121	3218724	0.012789848260581493	80	11
feature	archeological site	ig	20	38876	3083773	0.012373425997793674	73	11
feature	archeological site	ig	21	7239	2827629	0.012340569868683815	138	11
feature	archeological site	ig	22	35918	3055601	0.012179805897176266	68	11
feature	archeological site	ig	23	85202	3408801	0.01167750358581543	198	11
feature	archeological site	ig	24	97091	3449563	0.01155235804617405	81	11
feature	archeological site	ig	25	12700	2862239	0.011311271227896214	198	11
feature	archeological site	ig	26	34204	3029524	0.011156076565384865	69	11
feature	archeological site	ig	27	26189	2929358	0.010826692916452885	68	11
feature	archeological site	ig	28	95134	3443497	0.010682855732738972	63	11
feature	archeological site	ig	29	0	2624173	-0.010456844232976437	61	11
feature	archeological site	ig	30	15280	2873027	0.010284111835062504	75	11
feature	archeological site	ig	31	8218	2831846	0.01026506070047617	61	11
feature	archeological site	ig	32	64080	3325438	0.010194940492510796	63	11
feature	archeological site	ig	33	62458	3319630	0.010186280123889446	93	11
feature	archeological site	ig	34	101174	3462342	0.010156344622373581	62	11
feature	archeological site	ig	35	50013	3218432	0.009994580410420895	62	11
feature	archeological site	ig	36	77085	3385494	0.00991036370396614	65	11
feature	archeological site	ig	37	44051	3135445	0.009852559305727482	61	11
feature	archeological site	ig	38	105054	3475794	0.009571912698447704	67	11
feature	archeological site	ig	39	58522	3264681	0.009562098421156406	61	11
feature	archeological site	ig	40	21055	2912828	-0.009561562910676003	62	11
feature	archeological site	ig	41	60518	3291813	0.009531020186841488	61	11
feature	archeological site	ig	42	72226	3350023	0.009470204822719097	76	11
feature	archeological site	ig	43	78736	3391086	0.009387308731675148	68	11
feature	archeological site	ig	44	104978	3475587	-0.009285349398851395	61	11
feature	archeological site	ig	45	99450	3458162	0.009234695695340633	61	11
feature	archeological site	ig	46	47657	3190201	0.008989216759800911	66	11
feature	archeological site	ig	47	99387	3457586	0.00885386299341917	67	11
feature	archeological site	ig	48	56021	3255896	0.00838280376046896	96	11
feature	archeological site	ig	49	82514	3401894	-0.008356720209121704	108	11
feature	archeological site	ig	50	50520	3219463	0.00822734460234642	61	11
feature	archeological site	gxi	1	101159	3462275	0.03502192720770836	62	11
feature	archeological site	gxi	2	105411	3476413	0.02344609424471855	87	11
feature	archeological site	gxi	3	62454	3319625	0.02141915075480938	63	11
feature	archeological site	gxi	4	40792	3108998	0.014842769131064415	61	11
feature	archeological site	gxi	5	52166	3225345	0.012668376788496971	74	11
feature	archeological site	gxi	6	40242	3086093	0.012563654221594334	73	11
feature	archeological site	gxi	7	84676	3408017	0.012174632400274277	98	11
feature	archeological site	gxi	8	69694	3342780	0.011107858270406723	72	11
feature	archeological site	gxi	9	26854	2930164	0.01086809579282999	93	11
feature	archeological site	gxi	10	31889	3023029	0.010082200169563293	83	11
feature	archeological site	gxi	11	42335	3129605	0.00968125183135271	61	11
feature	archeological site	gxi	12	102362	3465923	0.009600489400327206	78	11
feature	archeological site	gxi	13	51957	3225071	0.009187919087707996	63	11
feature	archeological site	gxi	14	5505	2822463	0.008763537742197514	81	11
feature	archeological site	gxi	15	64080	3325438	0.008695333264768124	63	11
feature	archeological site	gxi	16	90521	3429922	0.007756355218589306	61	11
feature	archeological site	gxi	17	79129	3391604	0.007154774386435747	98	11
feature	archeological site	gxi	18	64896	3326563	0.007135741412639618	81	11
feature	archeological site	gxi	19	60518	3291813	0.00704035721719265	61	11
feature	archeological site	gxi	20	105054	3475794	0.006962341256439686	67	11
feature	archeological site	gxi	21	77085	3385494	0.00689180800691247	65	11
feature	archeological site	gxi	22	78736	3391086	0.006719396915286779	68	11
feature	archeological site	gxi	23	101174	3462342	0.006711022928357124	62	11
feature	archeological site	gxi	24	34204	3029524	0.006490922067314386	69	11
feature	archeological site	gxi	25	99387	3457586	0.006479288917034864	67	11
feature	archeological site	gxi	26	10249	2855824	0.0064645870588719845	61	11
feature	archeological site	gxi	27	35918	3055601	0.0064606694504618645	68	11
feature	archeological site	gxi	28	50121	3218724	0.00645408732816577	80	11
feature	archeological site	gxi	29	32145	3023679	0.006435920484364033	67	11
feature	archeological site	gxi	30	95134	3443497	0.006214737892150879	63	11
feature	archeological site	gxi	31	37895	3079080	0.006069297902286053	69	11
feature	archeological site	gxi	32	97091	3449563	0.006033457349985838	81	11
feature	archeological site	gxi	33	47657	3190201	0.006021267268806696	66	11
feature	archeological site	gxi	34	70924	3344861	0.00598382530733943	61	11
feature	archeological site	gxi	35	82514	3401894	-0.005914211273193359	108	11
feature	archeological site	gxi	36	16555	2898126	0.00581570528447628	61	11
feature	archeological site	gxi	37	56021	3255896	0.005802874453365803	96	11
feature	archeological site	gxi	38	44051	3135445	0.005787223111838102	61	11
feature	archeological site	gxi	39	58522	3264681	0.005740470718592405	61	11
feature	archeological site	gxi	40	72226	3350023	0.00573557335883379	76	11
feature	archeological site	gxi	41	50520	3219463	0.005692032165825367	61	11
feature	archeological site	gxi	42	15280	2873027	0.005629423540085554	75	11
feature	archeological site	gxi	43	71907	3349685	0.005379936192184687	104	11
feature	archeological site	gxi	44	32346	3023950	0.005336888134479523	76	11
feature	archeological site	gxi	45	24327	2923573	0.005247178487479687	69	11
feature	archeological site	gxi	46	22484	2917459	0.005145656876266003	61	11
feature	archeological site	gxi	47	4503	2820484	0.00514129176735878	61	11
feature	archeological site	gxi	48	99450	3458162	0.005087690427899361	61	11
feature	archeological site	gxi	49	7239	2827629	0.005022846627980471	138	11
feature	archeological site	gxi	50	87597	3418652	0.005008980631828308	78	11
feature	cave	ig	1	84676	3408017	0.06064081937074661	98	34
feature	cave	ig	2	40242	3086093	0.05863853916525841	73	34
feature	cave	ig	3	101159	3462275	0.053167812526226044	62	34
feature	cave	ig	4	40792	3108998	0.04942077398300171	61	34
feature	cave	ig	5	77085	3385494	0.04740191623568535	65	34
feature	cave	ig	6	26084	2929083	0.045912157744169235	65	34
feature	cave	ig	7	51957	3225071	0.04552546516060829	63	34
feature	cave	ig	8	32145	3023679	0.044474534690380096	67	34
feature	cave	ig	9	69694	3342780	0.04084865376353264	72	34
feature	cave	ig	10	70924	3344861	0.04022689536213875	61	34
feature	cave	ig	11	22484	2917459	0.037673234939575195	61	34
feature	cave	ig	12	10249	2855824	0.036778997629880905	61	34
feature	cave	ig	13	58522	3264681	0.035196453332901	61	34
feature	cave	ig	14	101174	3462342	0.03488955646753311	62	34
feature	cave	ig	15	13212	2865911	0.032717764377593994	61	34
feature	cave	ig	16	71289	3348470	0.03268192708492279	63	34
feature	cave	ig	17	93145	3437749	0.032068684697151184	64	34
feature	cave	ig	18	16555	2898126	0.03042771853506565	61	34
feature	cave	ig	19	37895	3079080	0.030272074043750763	69	34
feature	cave	ig	20	15280	2873027	0.029741602018475533	75	34
feature	cave	ig	21	105411	3476413	0.029620250687003136	87	34
feature	cave	ig	22	63578	3321701	0.028158966451883316	71	34
feature	cave	ig	23	10272	2855883	0.027481114491820335	72	34
feature	cave	ig	24	47966	3191491	0.02726900950074196	81	34
feature	cave	ig	25	12113	2861609	0.027230428531765938	61	34
feature	cave	ig	26	35918	3055601	0.02709951624274254	68	34
feature	cave	ig	27	16551	2898102	0.025587378069758415	78	34
feature	cave	ig	28	47657	3190201	0.024087639525532722	66	34
feature	cave	ig	29	5505	2822463	0.023863844573497772	81	34
feature	cave	ig	30	69483	3342226	0.02381182834506035	62	34
feature	cave	ig	31	95134	3443497	0.0236651673913002	63	34
feature	cave	ig	32	62454	3319625	0.022899314761161804	63	34
feature	cave	ig	33	96411	3448498	0.022762473672628403	83	34
feature	cave	ig	34	88705	3423487	0.02217104472219944	69	34
feature	cave	ig	35	49907	3217624	0.022136719897389412	61	34
feature	cave	ig	36	24404	2923759	0.02113690972328186	61	34
feature	cave	ig	37	3686	2816596	0.020457066595554352	77	34
feature	cave	ig	38	51605	3224035	0.020243315026164055	63	34
feature	cave	ig	39	99387	3457586	0.019766680896282196	67	34
feature	cave	ig	40	78736	3391086	0.019567357376217842	68	34
feature	cave	ig	41	23087	2918752	0.01952136866748333	61	34
feature	cave	ig	42	99450	3458162	0.019501931965351105	61	34
feature	cave	ig	43	74486	3376093	0.018018031492829323	61	34
feature	cave	ig	44	29203	2960823	0.01561893243342638	61	34
feature	cave	ig	45	50517	3219459	0.015616986900568008	67	34
feature	cave	ig	46	102362	3465923	0.01530206948518753	78	34
feature	cave	ig	47	50520	3219463	0.014812310226261616	61	34
feature	cave	ig	48	35857	3055535	0.014808053150773048	67	34
feature	cave	ig	49	105054	3475794	0.01427858043462038	67	34
feature	cave	ig	50	69845	3342994	0.013717832043766975	70	34
feature	cave	gxi	1	84676	3408017	0.04503839835524559	98	34
feature	cave	gxi	2	40242	3086093	0.0424872525036335	73	34
feature	cave	gxi	3	32145	3023679	0.03958559036254883	67	34
feature	cave	gxi	4	77085	3385494	0.03710233047604561	65	34
feature	cave	gxi	5	101159	3462275	0.03688337281346321	62	34
feature	cave	gxi	6	26084	2929083	0.03672978654503822	65	34
feature	cave	gxi	7	40792	3108998	0.036106888204813004	61	34
feature	cave	gxi	8	70924	3344861	0.03500175103545189	61	34
feature	cave	gxi	9	51957	3225071	0.03457172214984894	63	34
feature	cave	gxi	10	10249	2855824	0.03339367359876633	61	34
feature	cave	gxi	11	22484	2917459	0.02987654134631157	61	34
feature	cave	gxi	12	63578	3321701	0.02961796149611473	71	34
feature	cave	gxi	13	93145	3437749	0.029527870938181877	64	34
feature	cave	gxi	14	69483	3342226	0.029195616021752357	62	34
feature	cave	gxi	15	16555	2898126	0.02775275707244873	61	34
feature	cave	gxi	16	69694	3342780	0.026725193485617638	72	34
feature	cave	gxi	17	58522	3264681	0.02588759735226631	61	34
feature	cave	gxi	18	105411	3476413	0.02553587779402733	87	34
feature	cave	gxi	19	37895	3079080	0.025467239320278168	69	34
feature	cave	gxi	20	101174	3462342	0.025354567915201187	62	34
feature	cave	gxi	21	13212	2865911	0.02443683333694935	61	34
feature	cave	gxi	22	71289	3348470	0.024268820881843567	63	34
feature	cave	gxi	23	16551	2898102	0.02222832478582859	78	34
feature	cave	gxi	24	10272	2855883	0.020018871873617172	72	34
feature	cave	gxi	25	47966	3191491	0.019811687991023064	81	34
feature	cave	gxi	26	88705	3423487	0.01967034675180912	69	34
feature	cave	gxi	27	49907	3217624	0.019015753641724586	61	34
feature	cave	gxi	28	35918	3055601	0.018986500799655914	68	34
feature	cave	gxi	29	47657	3190201	0.01883172243833542	66	34
feature	cave	gxi	30	96411	3448498	0.01839759200811386	83	34
feature	cave	gxi	31	15280	2873027	0.018306540325284004	75	34
feature	cave	gxi	32	99522	3458410	0.018185749650001526	63	34
feature	cave	gxi	33	5505	2822463	0.01745430938899517	81	34
feature	cave	gxi	34	12113	2861609	0.01741887629032135	61	34
feature	cave	gxi	35	51605	3224035	0.016574064269661903	63	34
feature	cave	gxi	36	78736	3391086	0.016301246359944344	68	34
feature	cave	gxi	37	99387	3457586	0.016220280900597572	67	34
feature	cave	gxi	38	3686	2816596	0.01613878272473812	77	34
feature	cave	gxi	39	24404	2923759	0.015459509566426277	61	34
feature	cave	gxi	40	62454	3319625	0.015424512326717377	63	34
feature	cave	gxi	41	74486	3376093	0.01519506424665451	61	34
feature	cave	gxi	42	99450	3458162	0.014397291466593742	61	34
feature	cave	gxi	43	95134	3443497	0.01437516137957573	63	34
feature	cave	gxi	44	23087	2918752	0.014263208955526352	61	34
feature	cave	gxi	45	35857	3055535	0.014030537568032742	67	34
feature	cave	gxi	46	19328	2906763	0.013176744803786278	63	34
feature	cave	gxi	47	102362	3465923	0.012332458049058914	78	34
feature	cave	gxi	48	57971	3260391	-0.012093606404960155	5410	34
feature	cave	gxi	49	50520	3219463	0.011450269259512424	61	34
feature	cave	gxi	50	105054	3475794	0.011129353195428848	67	34
feature	lake	ig	1	82514	3401894	0.2598176896572113	108	40
feature	lake	ig	2	63541	3321651	0.19603243470191956	77	40
feature	lake	ig	3	52226	3225431	0.1720391809940338	87	40
feature	lake	ig	4	58619	3264935	0.1711825132369995	70	40
feature	lake	ig	5	40242	3086093	-0.17036154866218567	73	40
feature	lake	ig	6	10249	2855824	-0.1654365360736847	61	40
feature	lake	ig	7	104978	3475587	0.162649005651474	61	40
feature	lake	ig	8	33622	3028779	0.16032291948795319	66	40
feature	lake	ig	9	103470	3471069	0.16009816527366638	67	40
feature	lake	ig	10	62458	3319630	0.15677835047245026	93	40
feature	lake	ig	11	31889	3023029	-0.15592753887176514	83	40
feature	lake	ig	12	21055	2912828	0.14436602592468262	62	40
feature	lake	ig	13	6972	2827350	0.1404295265674591	76	40
feature	lake	ig	14	8535	2832278	0.13733868300914764	80	40
feature	lake	ig	15	105242	3476150	-0.1328686773777008	84	40
feature	lake	ig	16	38262	3079448	0.13137376308441162	154	40
feature	lake	ig	17	90521	3429922	0.12337009608745575	61	40
feature	lake	ig	18	102573	3466203	0.12222953140735626	155	40
feature	lake	ig	19	41177	3109740	0.11906328052282333	83	40
feature	lake	ig	20	1	2624217	0.1185091882944107	61	40
feature	lake	ig	21	105083	3475885	0.11840744316577911	67	40
feature	lake	ig	22	47966	3191491	-0.11488001048564911	81	40
feature	lake	ig	23	66262	3331369	0.11215958744287491	67	40
feature	lake	ig	24	17771	2900523	0.10884101688861847	125	40
feature	lake	ig	25	42462	3130148	0.10848164558410645	75	40
feature	lake	ig	26	99522	3458410	0.10572974383831024	63	40
feature	lake	ig	27	50013	3218432	0.10466758906841278	62	40
feature	lake	ig	28	0	2624173	0.10269840061664581	61	40
feature	lake	ig	29	38746	3083418	0.10199613869190216	62	40
feature	lake	ig	30	94873	3443115	0.10159382969141006	83	40
feature	lake	ig	31	40792	3108998	-0.09985019266605377	61	40
feature	lake	ig	32	81918	3400329	0.09893675148487091	62	40
feature	lake	ig	33	88705	3423487	-0.0980532094836235	69	40
feature	lake	ig	34	20998	2912664	0.0966111347079277	77	40
feature	lake	ig	35	105054	3475794	-0.09293340891599655	67	40
feature	lake	ig	36	71914	3349692	0.0927235409617424	63	40
feature	lake	ig	37	92590	3434306	0.09194998443126678	61	40
feature	lake	ig	38	64995	3326663	-0.09110163152217865	117	40
feature	lake	ig	39	98049	3453139	0.09047935903072357	73	40
feature	lake	ig	40	52166	3225345	0.08877478539943695	74	40
feature	lake	ig	41	46209	3162820	0.08771075308322906	70	40
feature	lake	ig	42	2317	2811809	-0.08418262004852295	115	40
feature	lake	ig	43	92203	3433694	0.08363224565982819	74	40
feature	lake	ig	44	35918	3055601	-0.08184711635112762	68	40
feature	lake	ig	45	10272	2855883	-0.08106397837400436	72	40
feature	lake	ig	46	56013	3255888	0.0802198201417923	77	40
feature	lake	ig	47	34204	3029524	-0.08002831041812897	69	40
feature	lake	ig	48	19861	2907957	0.07814466953277588	65	40
feature	lake	ig	49	19121	2903989	0.07610341161489487	132	40
feature	lake	ig	50	14405	2867831	0.07486233115196228	105	40
feature	lake	gxi	1	82514	3401894	0.23394246399402618	108	40
feature	lake	gxi	2	63541	3321651	0.17827820777893066	77	40
feature	lake	gxi	3	58619	3264935	0.15699857473373413	70	40
feature	lake	gxi	4	52226	3225431	0.15472207963466644	87	40
feature	lake	gxi	5	104978	3475587	0.15411904454231262	61	40
feature	lake	gxi	6	103470	3471069	0.15068665146827698	67	40
feature	lake	gxi	7	40242	3086093	-0.15062865614891052	73	40
feature	lake	gxi	8	33622	3028779	0.1424354910850525	66	40
feature	lake	gxi	9	10249	2855824	-0.14118823409080505	61	40
feature	lake	gxi	10	62458	3319630	0.13959117233753204	93	40
feature	lake	gxi	11	31889	3023029	-0.13693490624427795	83	40
feature	lake	gxi	12	21055	2912828	0.1322776973247528	62	40
feature	lake	gxi	13	6972	2827350	0.12438978999853134	76	40
feature	lake	gxi	14	8535	2832278	0.12380768358707428	80	40
feature	lake	gxi	15	38262	3079448	0.1174931526184082	154	40
feature	lake	gxi	16	105242	3476150	-0.1169658675789833	84	40
feature	lake	gxi	17	102573	3466203	0.10960699617862701	155	40
feature	lake	gxi	18	90521	3429922	0.1092347502708435	61	40
feature	lake	gxi	19	105083	3475885	0.10868704319000244	67	40
feature	lake	gxi	20	1	2624217	0.1085503101348877	61	40
feature	lake	gxi	21	41177	3109740	0.10769371688365936	83	40
feature	lake	gxi	22	99522	3458410	0.10277696698904037	63	40
feature	lake	gxi	23	47966	3191491	-0.1019522100687027	81	40
feature	lake	gxi	24	66262	3331369	0.09877254068851471	67	40
feature	lake	gxi	25	17771	2900523	0.09804739058017731	125	40
feature	lake	gxi	26	42462	3130148	0.0955670103430748	75	40
feature	lake	gxi	27	0	2624173	0.09481626749038696	61	40
feature	lake	gxi	28	50013	3218432	0.09368249773979187	62	40
feature	lake	gxi	29	38746	3083418	0.09343419969081879	62	40
feature	lake	gxi	30	81918	3400329	0.091367207467556	62	40
feature	lake	gxi	31	94873	3443115	0.09036286175251007	83	40
feature	lake	gxi	32	40792	3108998	-0.09023815393447876	61	40
feature	lake	gxi	33	20998	2912664	0.08847638219594955	77	40
feature	lake	gxi	34	88705	3423487	-0.08747448027133942	69	40
feature	lake	gxi	35	71914	3349692	0.08512818068265915	63	40
feature	lake	gxi	36	92590	3434306	0.08505058288574219	61	40
feature	lake	gxi	37	105054	3475794	-0.0823824554681778	67	40
feature	lake	gxi	38	98049	3453139	0.08160220086574554	73	40
feature	lake	gxi	39	52166	3225345	0.0814448893070221	74	40
feature	lake	gxi	40	64995	3326663	-0.07928808778524399	117	40
feature	lake	gxi	41	46209	3162820	0.07739049196243286	70	40
feature	lake	gxi	42	92203	3433694	0.07547929137945175	74	40
feature	lake	gxi	43	35918	3055601	-0.07493087649345398	68	40
feature	lake	gxi	44	2317	2811809	-0.07429832220077515	115	40
feature	lake	gxi	45	10272	2855883	-0.07306484878063202	72	40
feature	lake	gxi	46	34204	3029524	-0.07240740209817886	69	40
feature	lake	gxi	47	56013	3255888	0.07094457000494003	77	40
feature	lake	gxi	48	14405	2867831	0.07073742896318436	105	40
feature	lake	gxi	49	19861	2907957	0.07012243568897247	65	40
feature	lake	gxi	50	19121	2903989	0.0699041336774826	132	40
feature	midden	ig	1	70924	3344861	0.16314661502838135	61	40
feature	midden	ig	2	10249	2855824	0.13658328354358673	61	40
feature	midden	ig	3	93145	3437749	0.1028420478105545	64	40
feature	midden	ig	4	78736	3391086	0.0943889319896698	68	40
feature	midden	ig	5	31889	3023029	0.08183329552412033	83	40
feature	midden	ig	6	101159	3462275	0.07885961979627609	62	40
feature	midden	ig	7	40242	3086093	0.07679378241300583	73	40
feature	midden	ig	8	99387	3457586	0.07159830629825592	67	40
feature	midden	ig	9	105242	3476150	0.06408639252185822	84	40
feature	midden	ig	10	63578	3321701	0.055188607424497604	71	40
feature	midden	ig	11	37895	3079080	0.05380721017718315	69	40
feature	midden	ig	12	96310	3448210	0.05279483646154404	61	40
feature	midden	ig	13	105411	3476413	0.05202096700668335	87	40
feature	midden	ig	14	77085	3385494	0.05166220664978027	65	40
feature	midden	ig	15	64995	3326663	0.04933556914329529	117	40
feature	midden	ig	16	97468	3449943	0.04799771308898926	156	40
feature	midden	ig	17	32145	3023679	0.046766504645347595	67	40
feature	midden	ig	18	41496	3110119	0.04554728791117668	145	40
feature	midden	ig	19	87903	3419001	0.043077126145362854	67	40
feature	midden	ig	20	4737	2821412	0.042606618255376816	84	40
feature	midden	ig	21	44025	3135386	0.04244314879179001	70	40
feature	midden	ig	22	2317	2811809	0.040550701320171356	115	40
feature	midden	ig	23	2634	2812130	0.040316201746463776	156	40
feature	midden	ig	24	99522	3458410	0.03997186943888664	63	40
feature	midden	ig	25	42883	3130914	0.03841467574238777	76	40
feature	midden	ig	26	46906	3163832	0.037591952830553055	76	40
feature	midden	ig	27	102362	3465923	0.03602459281682968	78	40
feature	midden	ig	28	107899	3486275	0.034977544099092484	62	40
feature	midden	ig	29	90818	3430514	0.03492805361747742	61	40
feature	midden	ig	30	105244	3476154	0.03481115400791168	84	40
feature	midden	ig	31	30477	3000256	0.0337705984711647	61	40
feature	midden	ig	32	46892	3163816	0.03351617231965065	68	40
feature	midden	ig	33	102182	3465538	0.03291743993759155	61	40
feature	midden	ig	34	93568	3438610	0.03275927156209946	89	40
feature	midden	ig	35	60518	3291813	0.0324941948056221	61	40
feature	midden	ig	36	10372	2856150	0.032224155962467194	64	40
feature	midden	ig	37	9861	2834815	0.03176821023225784	112	40
feature	midden	ig	38	480	2807158	0.031604163348674774	90	40
feature	midden	ig	39	63500	3321597	0.03152723237872124	74	40
feature	midden	ig	40	53910	3250133	0.03121585212647915	73	40
feature	midden	ig	41	107890	3486170	0.030627887696027756	61	40
feature	midden	ig	42	18542	2903341	0.030119260773062706	82	40
feature	midden	ig	43	69533	3342375	0.029868233948946	69	40
feature	midden	ig	44	41092	3109619	0.029607856646180153	82	40
feature	midden	ig	45	105054	3475794	0.029521211981773376	67	40
feature	midden	ig	46	87348	3418309	0.029492640867829323	93	40
feature	midden	ig	47	42308	3129355	0.02941177412867546	78	40
feature	midden	ig	48	66856	3331978	0.029309362173080444	112	40
feature	midden	ig	49	41591	3110222	0.029122257605195045	117	40
feature	midden	ig	50	76450	3383942	0.028836697340011597	68	40
feature	midden	gxi	1	70924	3344861	0.13145680725574493	61	40
feature	midden	gxi	2	10249	2855824	0.11910434812307358	61	40
feature	midden	gxi	3	93145	3437749	0.09112145751714706	64	40
feature	midden	gxi	4	78736	3391086	0.06677673757076263	68	40
feature	midden	gxi	5	63578	3321701	0.054753877222537994	71	40
feature	midden	gxi	6	31889	3023029	0.054401945322752	83	40
feature	midden	gxi	7	99387	3457586	0.05282806232571602	67	40
feature	midden	gxi	8	97468	3449943	0.052458155900239944	156	40
feature	midden	gxi	9	4737	2821412	0.05122945457696915	84	40
feature	midden	gxi	10	99522	3458410	0.0502665750682354	63	40
feature	midden	gxi	11	96310	3448210	0.04805489629507065	61	40
feature	midden	gxi	12	40242	3086093	0.04738830775022507	73	40
feature	midden	gxi	13	44025	3135386	0.04623832553625107	70	40
feature	midden	gxi	14	105411	3476413	0.04405175894498825	87	40
feature	midden	gxi	15	101159	3462275	0.04254601150751114	62	40
feature	midden	gxi	16	37895	3079080	0.042376600205898285	69	40
feature	midden	gxi	17	41496	3110119	0.04121788963675499	145	40
feature	midden	gxi	18	64995	3326663	0.04074178263545036	117	40
feature	midden	gxi	19	32145	3023679	0.039478104561567307	67	40
feature	midden	gxi	20	42883	3130914	0.03884383663535118	76	40
feature	midden	gxi	21	46892	3163816	0.037644244730472565	68	40
feature	midden	gxi	22	105242	3476150	0.037214796990156174	84	40
feature	midden	gxi	23	102182	3465538	0.03651019185781479	61	40
feature	midden	gxi	24	107899	3486275	0.035672299563884735	62	40
feature	midden	gxi	25	93568	3438610	0.03549191728234291	89	40
feature	midden	gxi	26	87903	3419001	0.033367931842803955	67	40
feature	midden	gxi	27	77085	3385494	0.033320777118206024	65	40
feature	midden	gxi	28	2634	2812130	0.03254777193069458	156	40
feature	midden	gxi	29	80362	3396206	0.032496128231287	83	40
feature	midden	gxi	30	107890	3486170	0.03244200348854065	61	40
feature	midden	gxi	31	49885	3217514	0.03174974396824837	61	40
feature	midden	gxi	32	2317	2811809	0.030705804005265236	115	40
feature	midden	gxi	33	46906	3163832	0.03012779913842678	76	40
feature	midden	gxi	34	87348	3418309	0.03012044169008732	93	40
feature	midden	gxi	35	76450	3383942	0.030084585770964622	68	40
feature	midden	gxi	36	9861	2834815	0.029705971479415894	112	40
feature	midden	gxi	37	480	2807158	0.02963375486433506	90	40
feature	midden	gxi	38	102362	3465923	0.029100075364112854	78	40
feature	midden	gxi	39	41591	3110222	0.029084235429763794	117	40
feature	midden	gxi	40	41092	3109619	0.02896386943757534	82	40
feature	midden	gxi	41	60333	3291503	0.028428733348846436	74	40
feature	midden	gxi	42	91350	3431148	0.027886364609003067	94	40
feature	midden	gxi	43	76233	3381122	0.02751976251602173	217	40
feature	midden	gxi	44	42308	3129355	0.026863370090723038	78	40
feature	midden	gxi	45	90818	3430514	0.026851709932088852	61	40
feature	midden	gxi	46	10372	2856150	0.026063209399580956	64	40
feature	midden	gxi	47	69533	3342375	0.02554420568048954	69	40
feature	midden	gxi	48	30477	3000256	0.02553328312933445	61	40
feature	midden	gxi	49	43403	3131443	0.025302743539214134	162	40
feature	midden	gxi	50	105244	3476154	0.025247901678085327	84	40
feature	ocean	ig	1	23142	2918818	0.16344138979911804	61	40
feature	ocean	ig	2	103470	3471069	0.14231543242931366	67	40
feature	ocean	ig	3	101159	3462275	-0.11744952201843262	62	40
feature	ocean	ig	4	104978	3475587	0.10617277771234512	61	40
feature	ocean	ig	5	44025	3135386	0.10201140493154526	70	40
feature	ocean	ig	6	94666	3442527	0.10010834038257599	66	40
feature	ocean	ig	7	13262	2866208	0.08774712681770325	61	40
feature	ocean	ig	8	4975	2821848	0.08682140707969666	79	40
feature	ocean	ig	9	42319	3129492	0.07941769808530807	61	40
feature	ocean	ig	10	83487	3405821	0.07710814476013184	67	40
feature	ocean	ig	11	11807	2861118	0.07512972503900528	62	40
feature	ocean	ig	12	91020	3430778	0.07077980786561966	63	40
feature	ocean	ig	13	47790	3190989	0.06887488067150116	61	40
feature	ocean	ig	14	61191	3292576	0.06807129085063934	72	40
feature	ocean	ig	15	108788	3488251	0.06676343828439713	87	40
feature	ocean	ig	16	40892	3109234	0.06516065448522568	72	40
feature	ocean	ig	17	47781	3190970	0.06373344361782074	64	40
feature	ocean	ig	18	40282	3086205	0.06119704991579056	61	40
feature	ocean	ig	19	37569	3078675	0.06044026464223862	105	40
feature	ocean	ig	20	4737	2821412	0.05848938971757889	84	40
feature	ocean	ig	21	109937	3490524	0.05839680880308151	98	40
feature	ocean	ig	22	62454	3319625	-0.056984029710292816	63	40
feature	ocean	ig	23	71357	3348637	0.05442451313138008	61	40
feature	ocean	ig	24	80362	3396206	0.05389561131596565	83	40
feature	ocean	ig	25	62133	3318887	0.053891729563474655	61	40
feature	ocean	ig	26	99522	3458410	0.05354175716638565	63	40
feature	ocean	ig	27	21412	2913476	0.05296136811375618	63	40
feature	ocean	ig	28	75675	3380560	0.052496474236249924	73	40
feature	ocean	ig	29	97091	3449563	-0.050603169947862625	81	40
feature	ocean	ig	30	93579	3438624	0.049623794853687286	65	40
feature	ocean	ig	31	81918	3400329	0.04853757470846176	62	40
feature	ocean	ig	32	71914	3349692	0.04672640562057495	63	40
feature	ocean	ig	33	19303	2906538	0.04633709043264389	62	40
feature	ocean	ig	34	90521	3429922	-0.04633650928735733	61	40
feature	ocean	ig	35	21055	2912828	0.04556635767221451	62	40
feature	ocean	ig	36	93568	3438610	0.045258574187755585	89	40
feature	ocean	ig	37	13355	2866473	0.044212229549884796	61	40
feature	ocean	ig	38	31889	3023029	-0.04414915293455124	83	40
feature	ocean	ig	39	81669	3397971	0.04358770325779915	62	40
feature	ocean	ig	40	84308	3407641	0.04348672181367874	89	40
feature	ocean	ig	41	46892	3163816	0.04328863322734833	68	40
feature	ocean	ig	42	76425	3383746	0.043067075312137604	61	40
feature	ocean	ig	43	42888	3130919	0.04293770715594292	77	40
feature	ocean	ig	44	58619	3264935	0.0428653284907341	70	40
feature	ocean	ig	45	5234	2822183	0.042860276997089386	61	40
feature	ocean	ig	46	68178	3338167	0.04245168715715408	61	40
feature	ocean	ig	47	55099	3251618	0.042196813970804214	61	40
feature	ocean	ig	48	97468	3449943	0.041654862463474274	156	40
feature	ocean	ig	49	29644	2961333	0.04165048152208328	126	40
feature	ocean	ig	50	96548	3448876	0.040734730660915375	66	40
feature	ocean	gxi	1	23142	2918818	0.16370801627635956	61	40
feature	ocean	gxi	2	103470	3471069	0.14509908854961395	67	40
feature	ocean	gxi	3	101159	3462275	-0.12020640075206757	62	40
feature	ocean	gxi	4	104978	3475587	0.10767687857151031	61	40
feature	ocean	gxi	5	44025	3135386	0.09809175878763199	70	40
feature	ocean	gxi	6	94666	3442527	0.09551607072353363	66	40
feature	ocean	gxi	7	13262	2866208	0.08724192529916763	61	40
feature	ocean	gxi	8	4975	2821848	0.08313588798046112	79	40
feature	ocean	gxi	9	42319	3129492	0.07714178413152695	61	40
feature	ocean	gxi	10	83487	3405821	0.07567427307367325	67	40
feature	ocean	gxi	11	11807	2861118	0.07462514191865921	62	40
feature	ocean	gxi	12	91020	3430778	0.0694689154624939	63	40
feature	ocean	gxi	13	47790	3190989	0.06555882841348648	61	40
feature	ocean	gxi	14	61191	3292576	0.06513535231351852	72	40
feature	ocean	gxi	15	40892	3109234	0.06471066921949387	72	40
feature	ocean	gxi	16	108788	3488251	0.06406329572200775	87	40
feature	ocean	gxi	17	37569	3078675	0.06097617745399475	105	40
feature	ocean	gxi	18	40282	3086205	0.06084489822387695	61	40
feature	ocean	gxi	19	47781	3190970	0.06036538630723953	64	40
feature	ocean	gxi	20	62454	3319625	-0.0577545166015625	63	40
feature	ocean	gxi	21	4737	2821412	0.05697622895240784	84	40
feature	ocean	gxi	22	109937	3490524	0.05627398565411568	98	40
feature	ocean	gxi	23	71357	3348637	0.054546333849430084	61	40
feature	ocean	gxi	24	99522	3458410	0.053150273859500885	63	40
feature	ocean	gxi	25	80362	3396206	0.05222640186548233	83	40
feature	ocean	gxi	26	62133	3318887	0.051535945385694504	61	40
feature	ocean	gxi	27	21412	2913476	0.05075332522392273	63	40
feature	ocean	gxi	28	97091	3449563	-0.05050472170114517	81	40
feature	ocean	gxi	29	81918	3400329	0.05036034435033798	62	40
feature	ocean	gxi	30	75675	3380560	0.04907721281051636	73	40
feature	ocean	gxi	31	71914	3349692	0.04787883907556534	63	40
feature	ocean	gxi	32	93579	3438624	0.04781058430671692	65	40
feature	ocean	gxi	33	21055	2912828	0.04675527662038803	62	40
feature	ocean	gxi	34	90521	3429922	-0.04579900950193405	61	40
feature	ocean	gxi	35	31889	3023029	-0.04578413814306259	83	40
feature	ocean	gxi	36	19303	2906538	0.04411371424794197	62	40
feature	ocean	gxi	37	81669	3397971	0.043640170246362686	62	40
feature	ocean	gxi	38	93568	3438610	0.04351312667131424	89	40
feature	ocean	gxi	39	58619	3264935	0.043431356549263	70	40
feature	ocean	gxi	40	42888	3130919	0.04253474622964859	77	40
feature	ocean	gxi	41	5234	2822183	0.04176854342222214	61	40
feature	ocean	gxi	42	13355	2866473	0.04169153422117233	61	40
feature	ocean	gxi	43	46892	3163816	0.04156555235385895	68	40
feature	ocean	gxi	44	84308	3407641	0.041389744728803635	89	40
feature	ocean	gxi	45	76425	3383746	0.041154615581035614	61	40
feature	ocean	gxi	46	52166	3225345	-0.04076964780688286	74	40
feature	ocean	gxi	47	68178	3338167	0.0402771458029747	61	40
feature	ocean	gxi	48	55099	3251618	0.04026909917593002	61	40
feature	ocean	gxi	49	97468	3449943	0.03985369950532913	156	40
feature	ocean	gxi	50	29644	2961333	0.03976605087518692	126	40
feature	sea coast	ig	1	87597	3418652	0.10386302322149277	78	40
feature	sea coast	ig	2	93275	3438126	0.0793226882815361	61	40
feature	sea coast	ig	3	68762	3338824	0.07833534479141235	107	40
feature	sea coast	ig	4	75069	3379575	0.06781786680221558	61	40
feature	sea coast	ig	5	89477	3425430	0.06773583590984344	67	40
feature	sea coast	ig	6	25960	2928744	0.06610935181379318	61	40
feature	sea coast	ig	7	25801	2927858	0.06518040597438812	63	40
feature	sea coast	ig	8	53938	3250172	0.06090722233057022	72	40
feature	sea coast	ig	9	51924	3225025	0.0572153702378273	68	40
feature	sea coast	ig	10	55680	3255498	0.05693194270133972	93	40
feature	sea coast	ig	11	1	2624217	0.055898766964673996	61	40
feature	sea coast	ig	12	80118	3395554	0.054772861301898956	61	40
feature	sea coast	ig	13	50392	3219280	0.05226690322160721	115	40
feature	sea coast	ig	14	60898	3292280	0.051286451518535614	61	40
feature	sea coast	ig	15	33539	3028555	0.05029084533452988	61	40
feature	sea coast	ig	16	27701	2933056	0.049963366240262985	75	40
feature	sea coast	ig	17	105411	3476413	0.04958147183060646	87	40
feature	sea coast	ig	18	63118	3320340	0.049556054174900055	217	40
feature	sea coast	ig	19	60518	3291813	0.048822350800037384	61	40
feature	sea coast	ig	20	63595	3321718	0.04639614373445511	68	40
feature	sea coast	ig	21	0	2624173	0.04541677609086037	61	40
feature	sea coast	ig	22	76467	3384111	0.04298055171966553	61	40
feature	sea coast	ig	23	10372	2856150	0.04209090769290924	64	40
feature	sea coast	ig	24	76468	3384112	0.039724502712488174	61	40
feature	sea coast	ig	25	82514	3401894	0.039277754724025726	108	40
feature	sea coast	ig	26	67284	3333394	0.03923334553837776	79	40
feature	sea coast	ig	27	101159	3462275	0.03898436203598976	62	40
feature	sea coast	ig	28	76425	3383746	0.03879263997077942	61	40
feature	sea coast	ig	29	83792	3406966	0.038160793483257294	61	40
feature	sea coast	ig	30	62464	3319638	0.03772857040166855	83	40
feature	sea coast	ig	31	87903	3419001	0.03763044998049736	67	40
feature	sea coast	ig	32	16755	2899106	0.036856718361377716	70	40
feature	sea coast	ig	33	42598	3130520	0.036172591149806976	77	40
feature	sea coast	ig	34	17209	2899926	0.035513900220394135	74	40
feature	sea coast	ig	35	108889	3488361	0.03548470139503479	92	40
feature	sea coast	ig	36	96466	3448670	0.03454116731882095	66	40
feature	sea coast	ig	37	101108	3462057	0.03337206691503525	62	40
feature	sea coast	ig	38	44618	3136162	0.0324576236307621	79	40
feature	sea coast	ig	39	8464	2832177	0.031625114381313324	99	40
feature	sea coast	ig	40	94596	3442091	0.031160254031419754	61	40
feature	sea coast	ig	41	102362	3465923	0.03112437203526497	78	40
feature	sea coast	ig	42	87348	3418309	0.030728530138731003	93	40
feature	sea coast	ig	43	88993	3424722	0.030153458938002586	61	40
feature	sea coast	ig	44	75373	3380186	0.03001059591770172	61	40
feature	sea coast	ig	45	102329	3465874	0.029896024614572525	68	40
feature	sea coast	ig	46	66633	3331754	0.029512036591768265	91	40
feature	sea coast	ig	47	52226	3225431	0.029159516096115112	87	40
feature	sea coast	ig	48	23142	2918818	0.02914845570921898	61	40
feature	sea coast	ig	49	15348	2873128	0.02851281687617302	86	40
feature	sea coast	ig	50	42335	3129605	0.028342489153146744	61	40
feature	sea coast	gxi	1	87597	3418652	0.08596353977918625	78	40
feature	sea coast	gxi	2	93275	3438126	0.07339520007371902	61	40
feature	sea coast	gxi	3	68762	3338824	0.06770903617143631	107	40
feature	sea coast	gxi	4	75069	3379575	0.06221447512507439	61	40
feature	sea coast	gxi	5	25960	2928744	0.05955575034022331	61	40
feature	sea coast	gxi	6	89477	3425430	0.05721713975071907	67	40
feature	sea coast	gxi	7	1	2624217	0.05712851136922836	61	40
feature	sea coast	gxi	8	25801	2927858	0.05653359368443489	63	40
feature	sea coast	gxi	9	53938	3250172	0.05599454790353775	72	40
feature	sea coast	gxi	10	55680	3255498	0.05202890560030937	93	40
feature	sea coast	gxi	11	51924	3225025	0.05147603154182434	68	40
feature	sea coast	gxi	12	0	2624173	0.05107560008764267	61	40
feature	sea coast	gxi	13	80118	3395554	0.0480220653116703	61	40
feature	sea coast	gxi	14	50392	3219280	0.047078777104616165	115	40
feature	sea coast	gxi	15	60898	3292280	0.04663169011473656	61	40
feature	sea coast	gxi	16	105411	3476413	0.046155013144016266	87	40
feature	sea coast	gxi	17	60518	3291813	0.04413372650742531	61	40
feature	sea coast	gxi	18	27701	2933056	0.043259475380182266	75	40
feature	sea coast	gxi	19	76425	3383746	0.042916439473629	61	40
feature	sea coast	gxi	20	63118	3320340	0.042590443044900894	217	40
feature	sea coast	gxi	21	76468	3384112	0.04243479669094086	61	40
feature	sea coast	gxi	22	33539	3028555	0.042014461010694504	61	40
feature	sea coast	gxi	23	63595	3321718	0.04105838015675545	68	40
feature	sea coast	gxi	24	23142	2918818	0.039064690470695496	61	40
feature	sea coast	gxi	25	76467	3384111	0.03891535475850105	61	40
feature	sea coast	gxi	26	10372	2856150	0.037981171160936356	64	40
feature	sea coast	gxi	27	83792	3406966	0.037933655083179474	61	40
feature	sea coast	gxi	28	82514	3401894	0.03583558648824692	108	40
feature	sea coast	gxi	29	67284	3333394	0.035327814519405365	79	40
feature	sea coast	gxi	30	16755	2899106	0.03317158669233322	70	40
feature	sea coast	gxi	31	102329	3465874	0.0330238938331604	68	40
feature	sea coast	gxi	32	88993	3424722	0.03292777016758919	61	40
feature	sea coast	gxi	33	87903	3419001	0.03285438194870949	67	40
feature	sea coast	gxi	34	87348	3418309	0.03230879828333855	93	40
feature	sea coast	gxi	35	17209	2899926	0.032221075147390366	74	40
feature	sea coast	gxi	36	101108	3462057	0.03129476308822632	62	40
feature	sea coast	gxi	37	96466	3448670	0.030842527747154236	66	40
feature	sea coast	gxi	38	42598	3130520	0.030815880745649338	77	40
feature	sea coast	gxi	39	108889	3488361	0.029183905571699142	92	40
feature	sea coast	gxi	40	44618	3136162	0.029110580682754517	79	40
feature	sea coast	gxi	41	8464	2832177	0.028803586959838867	99	40
feature	sea coast	gxi	42	102362	3465923	0.028349440544843674	78	40
feature	sea coast	gxi	43	94596	3442091	0.027958029881119728	61	40
feature	sea coast	gxi	44	75373	3380186	0.027902107685804367	61	40
feature	sea coast	gxi	45	97468	3449943	0.027123237028717995	156	40
feature	sea coast	gxi	46	101159	3462275	0.026163209229707718	62	40
feature	sea coast	gxi	47	29018	2960558	0.025990009307861328	61	40
feature	sea coast	gxi	48	80362	3396206	0.025676751509308815	83	40
feature	sea coast	gxi	49	5294	2822243	0.02538788877427578	65	40
feature	sea coast	gxi	50	4991	2821865	0.02536601386964321	66	40
feature	thermokarst	ig	1	101159	3462275	0.04308497905731201	62	9
feature	thermokarst	ig	2	40242	3086093	0.04130520671606064	73	9
feature	thermokarst	ig	3	77085	3385494	0.03919055312871933	65	9
feature	thermokarst	ig	4	78736	3391086	0.038481198251247406	68	9
feature	thermokarst	ig	5	10249	2855824	0.03591078892350197	61	9
feature	thermokarst	ig	6	31889	3023029	0.033675335347652435	83	9
feature	thermokarst	ig	7	102362	3465923	0.03327431157231331	78	9
feature	thermokarst	ig	8	105411	3476413	0.032467614859342575	87	9
feature	thermokarst	ig	9	99387	3457586	0.030539337545633316	67	9
feature	thermokarst	ig	10	105242	3476150	0.02990422397851944	84	9
feature	thermokarst	ig	11	5505	2822463	0.029739193618297577	81	9
feature	thermokarst	ig	12	51924	3225025	0.029442260041832924	68	9
feature	thermokarst	ig	13	40792	3108998	0.02803802117705345	61	9
feature	thermokarst	ig	14	32145	3023679	0.02709169313311577	67	9
feature	thermokarst	ig	15	62464	3319638	0.026985250413417816	83	9
feature	thermokarst	ig	16	51957	3225071	0.025876598432660103	63	9
feature	thermokarst	ig	17	6972	2827350	-0.025517836213111877	76	9
feature	thermokarst	ig	18	33611	3028753	0.024837523698806763	61	9
feature	thermokarst	ig	19	87597	3418652	0.024456502869725227	78	9
feature	thermokarst	ig	20	69694	3342780	0.024400049820542336	72	9
feature	thermokarst	ig	21	47966	3191491	0.02416687272489071	81	9
feature	thermokarst	ig	22	31893	3023036	0.024164102971553802	67	9
feature	thermokarst	ig	23	76467	3384111	0.023944851011037827	61	9
feature	thermokarst	ig	24	84676	3408017	0.02358166314661503	98	9
feature	thermokarst	ig	25	55680	3255498	0.023455079644918442	93	9
feature	thermokarst	ig	26	24327	2923573	0.023287756368517876	69	9
feature	thermokarst	ig	27	16755	2899106	0.02258172444999218	70	9
feature	thermokarst	ig	28	53910	3250133	0.022255685180425644	73	9
feature	thermokarst	ig	29	70924	3344861	0.022091081365942955	61	9
feature	thermokarst	ig	30	87903	3419001	0.021652186289429665	67	9
feature	thermokarst	ig	31	47657	3190201	0.02102089859545231	66	9
feature	thermokarst	ig	32	62454	3319625	0.020968614146113396	63	9
feature	thermokarst	ig	33	64995	3326663	0.020938033238053322	117	9
feature	thermokarst	ig	34	25801	2927858	0.020684096962213516	63	9
feature	thermokarst	ig	35	90818	3430514	0.020560072734951973	61	9
feature	thermokarst	ig	36	71289	3348470	0.020552946254611015	63	9
feature	thermokarst	ig	37	71914	3349692	-0.02015608362853527	63	9
feature	thermokarst	ig	38	57971	3260391	-0.01966775767505169	5410	9
feature	thermokarst	ig	39	74486	3376093	0.01943127065896988	61	9
feature	thermokarst	ig	40	2317	2811809	0.0192637387663126	115	9
feature	thermokarst	ig	41	63500	3321597	0.019010817632079124	74	9
feature	thermokarst	ig	42	60787	3292160	0.018883483484387398	74	9
feature	thermokarst	ig	43	37895	3079080	0.018489303067326546	69	9
feature	thermokarst	ig	44	96310	3448210	0.018426058813929558	61	9
feature	thermokarst	ig	45	96411	3448498	0.018307432532310486	83	9
feature	thermokarst	ig	46	58619	3264935	-0.018252233043313026	70	9
feature	thermokarst	ig	47	62257	3319207	0.01812332682311535	62	9
feature	thermokarst	ig	48	49928	3217820	0.01793905720114708	61	9
feature	thermokarst	ig	49	13943	2867366	0.017934100702404976	87	9
feature	thermokarst	ig	50	15348	2873128	0.017741819843649864	86	9
feature	thermokarst	gxi	1	10249	2855824	0.037095390260219574	61	9
feature	thermokarst	gxi	2	40242	3086093	0.03614450618624687	73	9
feature	thermokarst	gxi	3	101159	3462275	0.03583027422428131	62	9
feature	thermokarst	gxi	4	77085	3385494	0.0356082059442997	65	9
feature	thermokarst	gxi	5	78736	3391086	0.03495444357395172	68	9
feature	thermokarst	gxi	6	31889	3023029	0.030719779431819916	83	9
feature	thermokarst	gxi	7	102362	3465923	0.030590372160077095	78	9
feature	thermokarst	gxi	8	105411	3476413	0.03013116866350174	87	9
feature	thermokarst	gxi	9	99387	3457586	0.02764972113072872	67	9
feature	thermokarst	gxi	10	51924	3225025	0.027165550738573074	68	9
feature	thermokarst	gxi	11	32145	3023679	0.026922626420855522	67	9
feature	thermokarst	gxi	12	6972	2827350	-0.026570819318294525	76	9
feature	thermokarst	gxi	13	5505	2822463	0.026372261345386505	81	9
feature	thermokarst	gxi	14	105242	3476150	0.026240909472107887	84	9
feature	thermokarst	gxi	15	57971	3260391	-0.025880858302116394	5410	9
feature	thermokarst	gxi	16	40792	3108998	0.024450508877635002	61	9
feature	thermokarst	gxi	17	31893	3023036	0.023845046758651733	67	9
feature	thermokarst	gxi	18	76467	3384111	0.023129712790250778	61	9
feature	thermokarst	gxi	19	55680	3255498	0.022963158786296844	93	9
feature	thermokarst	gxi	20	51957	3225071	0.022331582382321358	63	9
feature	thermokarst	gxi	21	62464	3319638	0.02218092791736126	83	9
feature	thermokarst	gxi	22	33611	3028753	0.021946938708424568	61	9
feature	thermokarst	gxi	23	87597	3418652	0.021478770300745964	78	9
feature	thermokarst	gxi	24	70924	3344861	0.021333612501621246	61	9
feature	thermokarst	gxi	25	16755	2899106	0.021045826375484467	70	9
feature	thermokarst	gxi	26	47966	3191491	0.020948946475982666	81	9
feature	thermokarst	gxi	27	64995	3326663	0.02093689888715744	117	9
feature	thermokarst	gxi	28	53910	3250133	0.020730607211589813	73	9
feature	thermokarst	gxi	29	87903	3419001	0.0204557403922081	67	9
feature	thermokarst	gxi	30	84676	3408017	0.020304778590798378	98	9
feature	thermokarst	gxi	31	24327	2923573	0.019912464544177055	69	9
feature	thermokarst	gxi	32	90818	3430514	0.019652318209409714	61	9
feature	thermokarst	gxi	33	96310	3448210	0.019178258255124092	61	9
feature	thermokarst	gxi	34	25801	2927858	0.01888454519212246	63	9
feature	thermokarst	gxi	35	47657	3190201	0.018805354833602905	66	9
feature	thermokarst	gxi	36	74486	3376093	0.018795154988765717	61	9
feature	thermokarst	gxi	37	69694	3342780	0.018647847697138786	72	9
feature	thermokarst	gxi	38	71289	3348470	0.01851850003004074	63	9
feature	thermokarst	gxi	39	2317	2811809	0.01847904920578003	115	9
feature	thermokarst	gxi	40	63578	3321701	0.0184337105602026	71	9
feature	thermokarst	gxi	41	87059	3417587	0.017545100301504135	62	9
feature	thermokarst	gxi	42	82514	3401894	-0.017483316361904144	108	9
feature	thermokarst	gxi	43	37895	3079080	0.01719134859740734	69	9
feature	thermokarst	gxi	44	63500	3321597	0.017049498856067657	74	9
feature	thermokarst	gxi	45	60787	3292160	0.01703636720776558	74	9
feature	thermokarst	gxi	46	16555	2898126	0.016489889472723007	61	9
feature	thermokarst	gxi	47	96411	3448498	0.01647004671394825	83	9
feature	thermokarst	gxi	48	62454	3319625	0.016428718343377113	63	9
feature	thermokarst	gxi	49	13943	2867366	0.016347451135516167	87	9
feature	thermokarst	gxi	50	71914	3349692	-0.016342904418706894	63	9
