target,model,dropped_project,n_dropped,f1_without,f1_full
community_type,MajorityClass,PRJEB11511,17,0.14886475814412636,0.14640776699029126
community_type,MajorityClass,PRJEB30280,9,0.14545454545454545,0.14640776699029126
community_type,MajorityClass,PRJEB30331,76,0.13712984054669702,0.14640776699029126
community_type,MajorityClass,PRJEB31971,6,0.147265625,0.14640776699029126
community_type,MajorityClass,PRJEB34825,38,0.1900201612903226,0.14640776699029126
community_type,MajorityClass,PRJEB41240,238,0.15872093023255812,0.14640776699029126
community_type,MajorityClass,PRJEB41665,14,0.1484251968503937,0.14640776699029126
community_type,MajorityClass,PRJEB44723,8,0.14730656219392751,0.14640776699029126
community_type,MajorityClass,PRJEB55789,2,0.14619883040935672,0.14640776699029126
community_type,MajorityClass,PRJEB56776,15,0.1463220675944334,0.14640776699029126
community_type,MajorityClass,PRJEB58818,2,0.14619883040935672,0.14640776699029126
community_type,MajorityClass,PRJEB67998,19,0.14915924826904053,0.14640776699029126
community_type,MajorityClass,PRJEB78615,13,0.14827925270403147,0.14640776699029126
community_type,MajorityClass,PRJNA1056444,39,0.14201680672268907,0.14640776699029126
community_type,MajorityClass,PRJNA302605,5,0.1471219512195122,0.14640776699029126
community_type,MajorityClass,PRJNA531027,19,0.1443548387096774,0.14640776699029126
community_type,MajorityClass,PRJNA557308,1,0.14630350194552527,0.14640776699029126
community_type,MajorityClass,PRJNA608555,15,0.14479999999999998,0.14640776699029126
community_type,MajorityClass,PRJNA640385,8,0.14755381604696674,0.14640776699029126
community_type,MajorityClass,PRJNA657304,9,0.14769833496571988,0.14640776699029126
community_type,MajorityClass,PRJNA660212,3,0.14609375,0.14640776699029126
community_type,MajorityClass,PRJNA685265,20,0.14424242424242423,0.14640776699029126
community_type,MajorityClass,PRJNA704183,4,0.14598825831702544,0.14640776699029126
community_type,MajorityClass,PRJNA739881,3,0.14609375,0.14640776699029126
community_type,MajorityClass,PRJNA994900,70,0.13797752808988764,0.14640776699029126
community_type,LogisticRegression_Bal,PRJEB11511,17,0.5518221318835353,0.5465165172163388
community_type,LogisticRegression_Bal,PRJEB30280,9,0.5457113642372728,0.5465165172163388
community_type,LogisticRegression_Bal,PRJEB30331,76,0.5396987429439167,0.5465165172163388
community_type,LogisticRegression_Bal,PRJEB31971,6,0.5253181405154556,0.5465165172163388
community_type,LogisticRegression_Bal,PRJEB34825,38,0.4426393174064994,0.5465165172163388
community_type,LogisticRegression_Bal,PRJEB41240,238,0.5152633727508595,0.5465165172163388
community_type,LogisticRegression_Bal,PRJEB41665,14,0.576101568334578,0.5465165172163388
community_type,LogisticRegression_Bal,PRJEB44723,8,0.5481308711296231,0.5465165172163388
community_type,LogisticRegression_Bal,PRJEB55789,2,0.5463406342840186,0.5465165172163388
community_type,LogisticRegression_Bal,PRJEB56776,15,0.5445268123531506,0.5465165172163388
community_type,LogisticRegression_Bal,PRJEB58818,2,0.5463406342840186,0.5465165172163388
community_type,LogisticRegression_Bal,PRJEB67998,19,0.5540108346012627,0.5465165172163388
community_type,LogisticRegression_Bal,PRJEB78615,13,0.5557996118158106,0.5465165172163388
community_type,LogisticRegression_Bal,PRJNA1056444,39,0.5430679751757745,0.5465165172163388
community_type,LogisticRegression_Bal,PRJNA302605,5,0.5466609946009231,0.5465165172163388
community_type,LogisticRegression_Bal,PRJNA531027,19,0.544773717730006,0.5465165172163388
community_type,LogisticRegression_Bal,PRJNA557308,1,0.5464287886835109,0.5465165172163388
community_type,LogisticRegression_Bal,PRJNA608555,15,0.5451544163119038,0.5465165172163388
community_type,LogisticRegression_Bal,PRJNA640385,8,0.534200127763001,0.5465165172163388
community_type,LogisticRegression_Bal,PRJNA657304,9,0.5572806252473358,0.5465165172163388
community_type,LogisticRegression_Bal,PRJNA660212,3,0.5462520509093463,0.5465165172163388
community_type,LogisticRegression_Bal,PRJNA685265,20,0.5464954405532848,0.5465165172163388
community_type,LogisticRegression_Bal,PRJNA704183,4,0.5467543075118902,0.5465165172163388
community_type,LogisticRegression_Bal,PRJNA739881,3,0.5462520509093463,0.5465165172163388
community_type,LogisticRegression_Bal,PRJNA994900,70,0.5398004175161507,0.5465165172163388
community_type,LinearSVM_Bal,PRJEB11511,17,0.544790832696715,0.5326922252244619
community_type,LinearSVM_Bal,PRJEB30280,9,0.5319151605939056,0.5326922252244619
community_type,LinearSVM_Bal,PRJEB30331,76,0.5255533798563882,0.5326922252244619
community_type,LinearSVM_Bal,PRJEB31971,6,0.5127506128283243,0.5326922252244619
community_type,LinearSVM_Bal,PRJEB34825,38,0.41911203477733056,0.5326922252244619
community_type,LinearSVM_Bal,PRJEB41240,238,0.5405023740966337,0.5326922252244619
community_type,LinearSVM_Bal,PRJEB41665,14,0.5615241390992359,0.5326922252244619
community_type,LinearSVM_Bal,PRJEB44723,8,0.5341913618450785,0.5326922252244619
community_type,LinearSVM_Bal,PRJEB55789,2,0.5325222851641638,0.5326922252244619
community_type,LinearSVM_Bal,PRJEB56776,15,0.5299606061775515,0.5326922252244619
community_type,LinearSVM_Bal,PRJEB58818,2,0.5325222851641638,0.5326922252244619
community_type,LinearSVM_Bal,PRJEB67998,19,0.5343618384294999,0.5326922252244619
community_type,LinearSVM_Bal,PRJEB78615,13,0.5356386936015649,0.5326922252244619
community_type,LinearSVM_Bal,PRJNA1056444,39,0.5296602389164521,0.5326922252244619
community_type,LinearSVM_Bal,PRJNA302605,5,0.532129015105791,0.5326922252244619
community_type,LinearSVM_Bal,PRJNA531027,19,0.5310130651239465,0.5326922252244619
community_type,LinearSVM_Bal,PRJNA557308,1,0.5326074474342001,0.5326922252244619
community_type,LinearSVM_Bal,PRJNA608555,15,0.5313789617912009,0.5326922252244619
community_type,LinearSVM_Bal,PRJNA640385,8,0.526704888443304,0.5326922252244619
community_type,LinearSVM_Bal,PRJNA657304,9,0.5284477951427105,0.5326922252244619
community_type,LinearSVM_Bal,PRJNA660212,3,0.5324367357929002,0.5326922252244619
community_type,LinearSVM_Bal,PRJNA685265,20,0.5314903000790225,0.5326922252244619
community_type,LinearSVM_Bal,PRJNA704183,4,0.5323507966750703,0.5326922252244619
community_type,LinearSVM_Bal,PRJNA739881,3,0.5324367357929002,0.5326922252244619
community_type,LinearSVM_Bal,PRJNA994900,70,0.5285860690093571,0.5326922252244619
community_type,RandomForest,PRJEB11511,17,0.4996788137108232,0.4806026954309955
community_type,RandomForest,PRJEB30280,9,0.47966719080296993,0.4806026954309955
community_type,RandomForest,PRJEB30331,76,0.47130264648336945,0.4806026954309955
community_type,RandomForest,PRJEB31971,6,0.45203956045276616,0.4806026954309955
community_type,RandomForest,PRJEB34825,38,0.3507533692887443,0.4806026954309955
community_type,RandomForest,PRJEB41240,238,0.44800883327199115,0.4806026954309955
community_type,RandomForest,PRJEB41665,14,0.5033625140339536,0.4806026954309955
community_type,RandomForest,PRJEB44723,8,0.48191066997518606,0.4806026954309955
community_type,RandomForest,PRJEB55789,2,0.4803980250477745,0.4806026954309955
community_type,RandomForest,PRJEB56776,15,0.4820132953466286,0.4806026954309955
community_type,RandomForest,PRJEB58818,2,0.4803980250477745,0.4806026954309955
community_type,RandomForest,PRJEB67998,19,0.48924523693209576,0.4806026954309955
community_type,RandomForest,PRJEB78615,13,0.4857560108672693,0.4806026954309955
community_type,RandomForest,PRJNA1056444,39,0.47625579240037075,0.4806026954309955
community_type,RandomForest,PRJNA302605,5,0.48254030630698574,0.4806026954309955
community_type,RandomForest,PRJNA531027,19,0.4785823399699594,0.4806026954309955
community_type,RandomForest,PRJNA557308,1,0.4805005861448852,0.4806026954309955
community_type,RandomForest,PRJNA608555,15,0.4790222111505423,0.4806026954309955
community_type,RandomForest,PRJNA640385,8,0.4678141854443991,0.4806026954309955
community_type,RandomForest,PRJNA657304,9,0.4881231593038822,0.4806026954309955
community_type,RandomForest,PRJNA660212,3,0.48029500913426865,0.4806026954309955
community_type,RandomForest,PRJNA685265,20,0.47847110526473147,0.4806026954309955
community_type,RandomForest,PRJNA704183,4,0.4801915353722583,0.4806026954309955
community_type,RandomForest,PRJNA739881,3,0.48029500913426865,0.4806026954309955
community_type,RandomForest,PRJNA994900,70,0.47217070203892497,0.4806026954309955
community_type,RandomForest_Bal,PRJEB11511,17,0.5149275362318841,0.49813036596687643
community_type,RandomForest_Bal,PRJEB30280,9,0.49776584396954426,0.49813036596687643
community_type,RandomForest_Bal,PRJEB30331,76,0.4886897706835562,0.49813036596687643
community_type,RandomForest_Bal,PRJEB31971,6,0.4730022804194466,0.49813036596687643
community_type,RandomForest_Bal,PRJEB34825,38,0.3726629574585956,0.49813036596687643
community_type,RandomForest_Bal,PRJEB41240,238,0.4353167569757431,0.49813036596687643
community_type,RandomForest_Bal,PRJEB41665,14,0.5193962178172704,0.49813036596687643
community_type,RandomForest_Bal,PRJEB44723,8,0.4995443776198287,0.49813036596687643
community_type,RandomForest_Bal,PRJEB55789,2,0.49792324232109814,0.49813036596687643
community_type,RandomForest_Bal,PRJEB56776,15,0.5000775790764667,0.49813036596687643
community_type,RandomForest_Bal,PRJEB58818,2,0.49792324232109814,0.49813036596687643
community_type,RandomForest_Bal,PRJEB67998,19,0.5076032314035709,0.49813036596687643
community_type,RandomForest_Bal,PRJEB78615,13,0.5044967475353067,0.49813036596687643
community_type,RandomForest_Bal,PRJNA1056444,39,0.4937251810741275,0.49813036596687643
community_type,RandomForest_Bal,PRJNA302605,5,0.5005228350905525,0.49813036596687643
community_type,RandomForest_Bal,PRJNA531027,19,0.49608453603106356,0.49813036596687643
community_type,RandomForest_Bal,PRJNA557308,1,0.4980270363453839,0.49813036596687643
community_type,RandomForest_Bal,PRJNA608555,15,0.49653019196737364,0.49813036596687643
community_type,RandomForest_Bal,PRJNA640385,8,0.48938186132306216,0.49813036596687643
community_type,RandomForest_Bal,PRJNA657304,9,0.5042347577573906,0.49813036596687643
community_type,RandomForest_Bal,PRJNA660212,3,0.49781898075616243,0.49813036596687643
community_type,RandomForest_Bal,PRJNA685265,20,0.4959718174335892,0.49813036596687643
community_type,RandomForest_Bal,PRJNA704183,4,0.4977142484843872,0.49813036596687643
community_type,RandomForest_Bal,PRJNA739881,3,0.49781898075616243,0.49813036596687643
community_type,RandomForest_Bal,PRJNA994900,70,0.48957346733823515,0.49813036596687643
community_type,kNN_5,PRJEB11511,17,0.4822716749315351,0.4730424419614055
community_type,kNN_5,PRJEB30280,9,0.4752909082777341,0.4730424419614055
community_type,kNN_5,PRJEB30331,76,0.46077201979261834,0.4730424419614055
community_type,kNN_5,PRJEB31971,6,0.44738488214467376,0.4730424419614055
community_type,kNN_5,PRJEB34825,38,0.3445498056985101,0.4730424419614055
community_type,kNN_5,PRJEB41240,238,0.44299403757344413,0.4730424419614055
community_type,kNN_5,PRJEB41665,14,0.48831724095701057,0.4730424419614055
community_type,kNN_5,PRJEB44723,8,0.4734650426723984,0.4730424419614055
community_type,kNN_5,PRJEB55789,2,0.4733461521859943,0.4730424419614055
community_type,kNN_5,PRJEB56776,15,0.47328603777504813,0.4730424419614055
community_type,kNN_5,PRJEB58818,2,0.4727793484619035,0.4730424419614055
community_type,kNN_5,PRJEB67998,19,0.4783160869449469,0.4730424419614055
community_type,kNN_5,PRJEB78615,13,0.47628202040124046,0.4730424419614055
community_type,kNN_5,PRJNA1056444,39,0.4711275048387432,0.4730424419614055
community_type,kNN_5,PRJNA302605,5,0.47403537709642274,0.4730424419614055
community_type,kNN_5,PRJNA531027,19,0.47043196979412427,0.4730424419614055
community_type,kNN_5,PRJNA557308,1,0.4729112236679585,0.4730424419614055
community_type,kNN_5,PRJNA608555,15,0.4710028717210874,0.4730424419614055
community_type,kNN_5,PRJNA640385,8,0.4799338205032031,0.4730424419614055
community_type,kNN_5,PRJNA657304,9,0.46546092813826256,0.4730424419614055
community_type,kNN_5,PRJNA660212,3,0.4726468113978507,0.4730424419614055
community_type,kNN_5,PRJNA685265,20,0.4702873737293987,0.4730424419614055
community_type,kNN_5,PRJNA704183,4,0.4725136074806454,0.4730424419614055
community_type,kNN_5,PRJNA739881,3,0.4726468113978507,0.4730424419614055
community_type,kNN_5,PRJNA994900,70,0.4895807710338943,0.4730424419614055
feature,MajorityClass,PRJEB18629,83,0.09333333333333334,0.07007007007007007
feature,MajorityClass,PRJEB41420,1,0.07028112449799197,0.07007007007007007
feature,MajorityClass,PRJEB41665,14,0.07314524555903866,0.07007007007007007
feature,MajorityClass,PRJEB47746,9,0.08641975308641975,0.07007007007007007
feature,MajorityClass,PRJEB59830,11,0.08695652173913043,0.07007007007007007
feature,MajorityClass,PRJEB66300,42,0.08018327605956473,0.07007007007007007
feature,MajorityClass,PRJNA320875,70,0.0,0.07007007007007007
feature,MajorityClass,PRJNA558683,21,0.07478632478632478,0.07007007007007007
feature,MajorityClass,PRJNA680161,12,0.08722741433021806,0.07007007007007007
feature,LogisticRegression_Bal,PRJEB18629,83,0.5126384606600434,0.38430512732671
feature,LogisticRegression_Bal,PRJEB41420,1,0.38582741126219383,0.38430512732671
feature,LogisticRegression_Bal,PRJEB41665,14,0.36296403719191667,0.38430512732671
feature,LogisticRegression_Bal,PRJEB47746,9,0.3679375136552327,0.38430512732671
feature,LogisticRegression_Bal,PRJEB59830,11,0.4643969220228213,0.38430512732671
feature,LogisticRegression_Bal,PRJEB66300,42,0.3396499549129169,0.38430512732671
feature,LogisticRegression_Bal,PRJNA320875,70,0.27315687696398355,0.38430512732671
feature,LogisticRegression_Bal,PRJNA558683,21,0.36791272226341887,0.38430512732671
feature,LogisticRegression_Bal,PRJNA680161,12,0.5114342179559571,0.38430512732671
feature,LinearSVM_Bal,PRJEB18629,83,0.4806826849733028,0.343984962406015
feature,LinearSVM_Bal,PRJEB41420,1,0.3453769521650316,0.343984962406015
feature,LinearSVM_Bal,PRJEB41665,14,0.31857437642841874,0.343984962406015
feature,LinearSVM_Bal,PRJEB47746,9,0.3710115911485774,0.343984962406015
feature,LinearSVM_Bal,PRJEB59830,11,0.4201754385964912,0.343984962406015
feature,LinearSVM_Bal,PRJEB66300,42,0.2993421052631579,0.343984962406015
feature,LinearSVM_Bal,PRJNA320875,70,0.22857142857142856,0.343984962406015
feature,LinearSVM_Bal,PRJNA558683,21,0.3277511961722488,0.343984962406015
feature,LinearSVM_Bal,PRJNA680161,12,0.4377128053293856,0.343984962406015
feature,RandomForest,PRJEB18629,83,0.46540867242954526,0.38077850933512547
feature,RandomForest,PRJEB41420,1,0.38171751206704324,0.38077850933512547
feature,RandomForest,PRJEB41665,14,0.3701594840199234,0.38077850933512547
feature,RandomForest,PRJEB47746,9,0.3235641006706801,0.38077850933512547
feature,RandomForest,PRJEB59830,11,0.46010085887512203,0.38077850933512547
feature,RandomForest,PRJEB66300,42,0.3391946751091508,0.38077850933512547
feature,RandomForest,PRJNA320875,70,0.3995223524333109,0.38077850933512547
feature,RandomForest,PRJNA558683,21,0.3641252676664295,0.38077850933512547
feature,RandomForest,PRJNA680161,12,0.40049674403072294,0.38077850933512547
feature,RandomForest_Bal,PRJEB18629,83,0.46885521885521886,0.38794475964287284
feature,RandomForest_Bal,PRJEB41420,1,0.3889115980859101,0.38794475964287284
feature,RandomForest_Bal,PRJEB41665,14,0.37920967920967924,0.38794475964287284
feature,RandomForest_Bal,PRJEB47746,9,0.32090576090576095,0.38794475964287284
feature,RandomForest_Bal,PRJEB59830,11,0.4697153731936341,0.38794475964287284
feature,RandomForest_Bal,PRJEB66300,42,0.3469482561463694,0.38794475964287284
feature,RandomForest_Bal,PRJNA320875,70,0.40012804097311144,0.38794475964287284
feature,RandomForest_Bal,PRJNA558683,21,0.37139571235988056,0.38794475964287284
feature,RandomForest_Bal,PRJNA680161,12,0.4103577662401191,0.38794475964287284
feature,kNN_5,PRJEB18629,83,0.37825854700854705,0.3219887067910511
feature,kNN_5,PRJEB41420,1,0.32317583235898156,0.3219887067910511
feature,kNN_5,PRJEB41665,14,0.31865123134622414,0.3219887067910511
feature,kNN_5,PRJEB47746,9,0.3010410434503547,0.3219887067910511
feature,kNN_5,PRJEB59830,11,0.39089937839937844,0.3219887067910511
feature,kNN_5,PRJEB66300,42,0.2785615120914577,0.3219887067910511
feature,kNN_5,PRJNA320875,70,0.2501282051282051,0.3219887067910511
feature,kNN_5,PRJNA558683,21,0.30515196018291996,0.3219887067910511
feature,kNN_5,PRJNA680161,12,0.3987837786295936,0.3219887067910511
sample_host,MajorityClass,PRJEB11511,17,0.15288434214265414,0.15327257663628832
sample_host,MajorityClass,PRJEB30280,9,0.15306980656013455,0.15327257663628832
sample_host,MajorityClass,PRJEB30331,76,0.15134281200631913,0.15327257663628832
sample_host,MajorityClass,PRJEB31971,6,0.15313807531380755,0.15327257663628832
sample_host,MajorityClass,PRJEB34825,38,0.1899059024807528,0.15327257663628832
sample_host,MajorityClass,PRJEB41240,238,0.14455084359325124,0.15327257663628832
sample_host,MajorityClass,PRJEB41665,14,0.1550712489522213,0.15327257663628832
sample_host,MajorityClass,PRJEB44723,8,0.15309263923873495,0.15327257663628832
sample_host,MajorityClass,PRJEB55789,2,0.15322804100858964,0.15327257663628832
sample_host,MajorityClass,PRJEB56776,15,0.15293118096856415,0.15327257663628832
sample_host,MajorityClass,PRJEB58818,2,0.15322804100858964,0.15327257663628832
sample_host,MajorityClass,PRJEB67998,19,0.15283718277730254,0.15327257663628832
sample_host,MajorityClass,PRJEB78615,13,0.18592964824120603,0.15327257663628832
sample_host,MajorityClass,PRJNA1056444,39,0.15234720992028344,0.15327257663628832
sample_host,MajorityClass,PRJNA302605,5,0.15316067947646894,0.15327257663628832
sample_host,MajorityClass,PRJNA531027,19,0.18686868686868688,0.15327257663628832
sample_host,MajorityClass,PRJNA557308,1,0.1532503457814661,0.15327257663628832
sample_host,MajorityClass,PRJNA608555,15,0.15293118096856415,0.15327257663628832
sample_host,MajorityClass,PRJNA640385,8,0.15309263923873495,0.15327257663628832
sample_host,MajorityClass,PRJNA657304,9,0.18530884808013354,0.15327257663628832
sample_host,MajorityClass,PRJNA660212,3,0.15320566194837634,0.15327257663628832
sample_host,MajorityClass,PRJNA685265,19,0.1534526854219949,0.15327257663628832
sample_host,MajorityClass,PRJNA704183,4,0.1531832082290798,0.15327257663628832
sample_host,MajorityClass,PRJNA739881,3,0.15320566194837634,0.15327257663628832
sample_host,MajorityClass,PRJNA994900,70,0.15151515151515152,0.15327257663628832
sample_host,LogisticRegression_Bal,PRJEB11511,17,0.6293050748508132,0.6290615567302003
sample_host,LogisticRegression_Bal,PRJEB30280,9,0.6289341772099964,0.6290615567302003
sample_host,LogisticRegression_Bal,PRJEB30331,76,0.6280187141779238,0.6290615567302003
sample_host,LogisticRegression_Bal,PRJEB31971,6,0.6289771032148227,0.6290615567302003
sample_host,LogisticRegression_Bal,PRJEB34825,38,0.5802259807522965,0.6290615567302003
sample_host,LogisticRegression_Bal,PRJEB41240,238,0.6266134588062832,0.6290615567302003
sample_host,LogisticRegression_Bal,PRJEB41665,14,0.6855249714024851,0.6290615567302003
sample_host,LogisticRegression_Bal,PRJEB44723,8,0.6289485384353637,0.6290615567302003
sample_host,LogisticRegression_Bal,PRJEB55789,2,0.6290336101082481,0.6290615567302003
sample_host,LogisticRegression_Bal,PRJEB56776,15,0.6288468876783219,0.6290615567302003
sample_host,LogisticRegression_Bal,PRJEB58818,2,0.6290336101082481,0.6290615567302003
sample_host,LogisticRegression_Bal,PRJEB67998,19,0.6287876038789277,0.6290615567302003
sample_host,LogisticRegression_Bal,PRJEB78615,13,0.6412215067024505,0.6290615567302003
sample_host,LogisticRegression_Bal,PRJNA1056444,39,0.6288173564859999,0.6290615567302003
sample_host,LogisticRegression_Bal,PRJNA302605,5,0.6289913073448824,0.6290615567302003
sample_host,LogisticRegression_Bal,PRJNA531027,19,0.5604520716979221,0.6290615567302003
sample_host,LogisticRegression_Bal,PRJNA557308,1,0.6290476087561435,0.6290615567302003
sample_host,LogisticRegression_Bal,PRJNA608555,15,0.6288468876783219,0.6290615567302003
sample_host,LogisticRegression_Bal,PRJNA640385,8,0.6327716081466735,0.6290615567302003
sample_host,LogisticRegression_Bal,PRJNA657304,9,0.6987725171978193,0.6290615567302003
sample_host,LogisticRegression_Bal,PRJNA660212,3,0.62901956050986,0.6290615567302003
sample_host,LogisticRegression_Bal,PRJNA685265,19,0.6160702873479534,0.6290615567302003
sample_host,LogisticRegression_Bal,PRJNA704183,4,0.6290054596823073,0.6290615567302003
sample_host,LogisticRegression_Bal,PRJNA739881,3,0.62901956050986,0.6290615567302003
sample_host,LogisticRegression_Bal,PRJNA994900,70,0.6481143735384349,0.6290615567302003
sample_host,LinearSVM_Bal,PRJEB11511,17,0.5794492475687992,0.579685561979808
sample_host,LinearSVM_Bal,PRJEB30280,9,0.5798772775607612,0.579685561979808
sample_host,LinearSVM_Bal,PRJEB30331,76,0.5785007115580032,0.579685561979808
sample_host,LinearSVM_Bal,PRJEB31971,6,0.5796038084794358,0.579685561979808
sample_host,LinearSVM_Bal,PRJEB34825,38,0.509321304512756,0.579685561979808
sample_host,LinearSVM_Bal,PRJEB41240,238,0.5763130977289714,0.579685561979808
sample_host,LinearSVM_Bal,PRJEB41665,14,0.676786963088333,0.579685561979808
sample_host,LinearSVM_Bal,PRJEB44723,8,0.5795761634385089,0.579685561979808
sample_host,LinearSVM_Bal,PRJEB55789,2,0.5796585056381597,0.579685561979808
sample_host,LinearSVM_Bal,PRJEB56776,15,0.5794778123482581,0.579685561979808
sample_host,LinearSVM_Bal,PRJEB58818,2,0.5796585056381597,0.579685561979808
sample_host,LinearSVM_Bal,PRJEB67998,19,0.5794204721734549,0.579685561979808
sample_host,LinearSVM_Bal,PRJEB78615,13,0.6329133361420357,0.579685561979808
sample_host,LinearSVM_Bal,PRJNA1056444,39,0.5791206022640774,0.579685561979808
sample_host,LinearSVM_Bal,PRJNA302605,5,0.5796175564849642,0.579685561979808
sample_host,LinearSVM_Bal,PRJNA531027,19,0.501198237701058,0.579685561979808
sample_host,LinearSVM_Bal,PRJNA557308,1,0.5796720579448819,0.579685561979808
sample_host,LinearSVM_Bal,PRJNA608555,15,0.5794778123482581,0.579685561979808
sample_host,LinearSVM_Bal,PRJNA640385,8,0.5795761634385089,0.579685561979808
sample_host,LinearSVM_Bal,PRJNA657304,9,0.6971650932940621,0.579685561979808
sample_host,LinearSVM_Bal,PRJNA660212,3,0.579644904800348,0.579685561979808
sample_host,LinearSVM_Bal,PRJNA685265,19,0.5331144461674083,0.579685561979808
sample_host,LinearSVM_Bal,PRJNA704183,4,0.5796312551702932,0.579685561979808
sample_host,LinearSVM_Bal,PRJNA739881,3,0.579644904800348,0.579685561979808
sample_host,LinearSVM_Bal,PRJNA994900,70,0.5859079858514877,0.579685561979808
sample_host,RandomForest,PRJEB11511,17,0.3866799569212438,0.3861609934780666
sample_host,RandomForest,PRJEB30280,9,0.38602223734967095,0.3861609934780666
sample_host,RandomForest,PRJEB30331,76,0.3848316342292246,0.3861609934780666
sample_host,RandomForest,PRJEB31971,6,0.38606897797038636,0.3861609934780666
sample_host,RandomForest,PRJEB34825,38,0.2972393460198338,0.3861609934780666
sample_host,RandomForest,PRJEB41240,238,0.3810650887573965,0.3861609934780666
sample_host,RandomForest,PRJEB41665,14,0.3879701796001355,0.3861609934780666
sample_host,RandomForest,PRJEB44723,8,0.3860378726103108,0.3861609934780666
sample_host,RandomForest,PRJEB55789,2,0.3861305361305361,0.3861609934780666
sample_host,RandomForest,PRJEB56776,15,0.3859272510435301,0.3861609934780666
sample_host,RandomForest,PRJEB58818,2,0.3861305361305361,0.3861609934780666
sample_host,RandomForest,PRJEB67998,19,0.3858627858627859,0.3861609934780666
sample_host,RandomForest,PRJEB78615,13,0.46522698058318107,0.3861609934780666
sample_host,RandomForest,PRJNA1056444,39,0.3855260004792715,0.3861609934780666
sample_host,RandomForest,PRJNA302605,5,0.3860844486503538,0.3861609934780666
sample_host,RandomForest,PRJNA531027,19,0.35770314192849406,0.3861609934780666
sample_host,RandomForest,PRJNA557308,1,0.3861457913813935,0.3861609934780666
sample_host,RandomForest,PRJNA608555,15,0.3859272510435301,0.3861609934780666
sample_host,RandomForest,PRJNA640385,8,0.3860378726103108,0.3861609934780666
sample_host,RandomForest,PRJNA657304,9,0.46489092996555686,0.3861609934780666
sample_host,RandomForest,PRJNA660212,3,0.3861152274462257,0.3861609934780666
sample_host,RandomForest,PRJNA685265,19,0.3868072787427626,0.3861609934780666
sample_host,RandomForest,PRJNA704183,4,0.3860998650472334,0.3861609934780666
sample_host,RandomForest,PRJNA739881,3,0.3861152274462257,0.3861609934780666
sample_host,RandomForest,PRJNA994900,70,0.3849511599511599,0.3861609934780666
sample_host,RandomForest_Bal,PRJEB11511,17,0.3736087570621469,0.37385822510822514
sample_host,RandomForest_Bal,PRJEB30280,9,0.37372801231310465,0.37385822510822514
sample_host,RandomForest_Bal,PRJEB30331,76,0.3726117480890661,0.37385822510822514
sample_host,RandomForest_Bal,PRJEB31971,6,0.3737718722659668,0.37385822510822514
sample_host,RandomForest_Bal,PRJEB34825,38,0.2861298701298701,0.37385822510822514
sample_host,RandomForest_Bal,PRJEB41240,238,0.3691501952171791,0.37385822510822514
sample_host,RandomForest_Bal,PRJEB41665,14,0.3756618505545826,0.37385822510822514
sample_host,RandomForest_Bal,PRJEB44723,8,0.3737426836406204,0.37385822510822514
sample_host,RandomForest_Bal,PRJEB55789,2,0.37382964089197795,0.37385822510822514
sample_host,RandomForest_Bal,PRJEB56776,15,0.37363888888888885,0.37385822510822514
sample_host,RandomForest_Bal,PRJEB58818,2,0.37382964089197795,0.37385822510822514
sample_host,RandomForest_Bal,PRJEB67998,19,0.3735784094300209,0.37385822510822514
sample_host,RandomForest_Bal,PRJEB78615,13,0.45062598425196854,0.37385822510822514
sample_host,RandomForest_Bal,PRJNA1056444,39,0.3732625348189415,0.37385822510822514
sample_host,RandomForest_Bal,PRJNA302605,5,0.3737863901018923,0.37385822510822514
sample_host,RandomForest_Bal,PRJNA531027,19,0.35479422066549915,0.37385822510822514
sample_host,RandomForest_Bal,PRJNA557308,1,0.37384395779126917,0.37385822510822514
sample_host,RandomForest_Bal,PRJNA608555,15,0.37363888888888885,0.37385822510822514
sample_host,RandomForest_Bal,PRJNA640385,8,0.3737426836406204,0.37385822510822514
sample_host,RandomForest_Bal,PRJNA657304,9,0.45012303664921466,0.37385822510822514
sample_host,RandomForest_Bal,PRJNA660212,3,0.373815274151436,0.37385822510822514
sample_host,RandomForest_Bal,PRJNA685265,19,0.37451432175719795,0.37385822510822514
sample_host,RandomForest_Bal,PRJNA704183,4,0.3738008573089218,0.37385822510822514
sample_host,RandomForest_Bal,PRJNA739881,3,0.373815274151436,0.37385822510822514
sample_host,RandomForest_Bal,PRJNA994900,70,0.37272372742200327,0.37385822510822514
sample_host,kNN_5,PRJEB11511,17,0.5715022095523546,0.5696638064255581
sample_host,kNN_5,PRJEB30280,9,0.5693636507893024,0.5696638064255581
sample_host,kNN_5,PRJEB30331,76,0.5673733055297366,0.5696638064255581
sample_host,kNN_5,PRJEB31971,6,0.5694648615701247,0.5696638064255581
sample_host,kNN_5,PRJEB34825,38,0.5235965677106698,0.5696638064255581
sample_host,kNN_5,PRJEB41240,238,0.5607622814389731,0.5696638064255581
sample_host,kNN_5,PRJEB41665,14,0.6224556768011446,0.5696638064255581
sample_host,kNN_5,PRJEB44723,8,0.5693975184795259,0.5696638064255581
sample_host,kNN_5,PRJEB55789,2,0.5695979996342974,0.5696638064255581
sample_host,kNN_5,PRJEB56776,15,0.569338561149418,0.5696638064255581
sample_host,kNN_5,PRJEB58818,2,0.5695979996342974,0.5696638064255581
sample_host,kNN_5,PRJEB67998,19,0.5692000779225518,0.5696638064255581
sample_host,kNN_5,PRJEB78615,13,0.6227454215475994,0.5696638064255581
sample_host,kNN_5,PRJNA1056444,39,0.5694213461577569,0.5696638064255581
sample_host,kNN_5,PRJNA302605,5,0.5694983384822144,0.5696638064255581
sample_host,kNN_5,PRJNA531027,19,0.4948790153193713,0.5696638064255581
sample_host,kNN_5,PRJNA557308,1,0.56963096594273,0.5696638064255581
sample_host,kNN_5,PRJNA608555,15,0.5691576500644849,0.5696638064255581
sample_host,kNN_5,PRJNA640385,8,0.5701083622136255,0.5696638064255581
sample_host,kNN_5,PRJNA657304,9,0.6117292629267197,0.5696638064255581
sample_host,kNN_5,PRJNA660212,3,0.5695649067757361,0.5696638064255581
sample_host,kNN_5,PRJNA685265,19,0.5540555711761938,0.5696638064255581
sample_host,kNN_5,PRJNA704183,4,0.5695316866369499,0.5696638064255581
sample_host,kNN_5,PRJNA739881,3,0.5695649067757361,0.5696638064255581
sample_host,kNN_5,PRJNA994900,70,0.5976764087690136,0.5696638064255581
material,MajorityClass,PRJEB11511,17,0.033376359948368066,0.027762865250402637
material,MajorityClass,PRJEB18629,83,0.030267558528428093,0.027762865250402637
material,MajorityClass,PRJEB30331,76,0.018982192895236373,0.027762865250402637
material,MajorityClass,PRJEB31971,5,0.0279019577616772,0.027762865250402637
material,MajorityClass,PRJEB34825,38,0.03126079447322971,0.027762865250402637
material,MajorityClass,PRJEB41240,238,0.036400201106083455,0.027762865250402637
material,MajorityClass,PRJEB41420,1,0.02779057270075234,0.027762865250402637
material,MajorityClass,PRJEB41665,14,0.028155868398537762,0.027762865250402637
material,MajorityClass,PRJEB44723,2,0.03013653013653014,0.027762865250402637
material,MajorityClass,PRJEB47746,9,0.028014239281844915,0.027762865250402637
material,MajorityClass,PRJEB55789,2,0.027566027566027565,0.027762865250402637
material,MajorityClass,PRJEB56776,15,0.028184366241046404,0.027762865250402637
material,MajorityClass,PRJEB58818,2,0.02769230769230769,0.027762865250402637
material,MajorityClass,PRJEB59830,11,0.02807071960297767,0.027762865250402637
material,MajorityClass,PRJEB66300,42,0.028976226686944686,0.027762865250402637
material,MajorityClass,PRJEB67998,19,0.0282989368355222,0.027762865250402637
material,MajorityClass,PRJEB78615,9,0.028014239281844915,0.027762865250402637
material,MajorityClass,PRJNA1056444,39,0.023617463617463617,0.027762865250402637
material,MajorityClass,PRJNA302605,5,0.0279019577616772,0.027762865250402637
material,MajorityClass,PRJNA320875,70,0.0323329760628796,0.027762865250402637
material,MajorityClass,PRJNA531027,19,0.025827022718214427,0.027762865250402637
material,MajorityClass,PRJNA557308,1,0.027664643049258433,0.027762865250402637
material,MajorityClass,PRJNA558683,21,0.02835657214475952,0.027762865250402637
material,MajorityClass,PRJNA608555,15,0.026247134160803227,0.027762865250402637
material,MajorityClass,PRJNA657304,9,0.028014239281844915,0.027762865250402637
material,MajorityClass,PRJNA660212,3,0.027467016433917135,0.027762865250402637
material,MajorityClass,PRJNA680161,12,0.02809904525343476,0.027762865250402637
material,MajorityClass,PRJNA685265,20,0.025720904225577122,0.027762865250402637
material,MajorityClass,PRJNA704183,2,0.027566027566027565,0.027762865250402637
material,MajorityClass,PRJNA739881,3,0.027467016433917135,0.027762865250402637
material,MajorityClass,PRJNA794308,20,0.03068836893862326,0.027762865250402637
material,LogisticRegression_Bal,PRJEB11511,17,0.5707618402532186,0.48027870134123357
material,LogisticRegression_Bal,PRJEB18629,83,0.48875992583278816,0.48027870134123357
material,LogisticRegression_Bal,PRJEB30331,76,0.4765681290404475,0.48027870134123357
material,LogisticRegression_Bal,PRJEB31971,5,0.44822741928995147,0.48027870134123357
material,LogisticRegression_Bal,PRJEB34825,38,0.4369685931196697,0.48027870134123357
material,LogisticRegression_Bal,PRJEB41240,238,0.4611572481478255,0.48027870134123357
material,LogisticRegression_Bal,PRJEB41420,1,0.4805464461269039,0.48027870134123357
material,LogisticRegression_Bal,PRJEB41665,14,0.4761196539955647,0.48027870134123357
material,LogisticRegression_Bal,PRJEB44723,2,0.5202833475928875,0.48027870134123357
material,LogisticRegression_Bal,PRJEB47746,9,0.4824154534779857,0.48027870134123357
material,LogisticRegression_Bal,PRJEB55789,2,0.48020677700563463,0.48027870134123357
material,LogisticRegression_Bal,PRJEB56776,15,0.47930096019355684,0.48027870134123357
material,LogisticRegression_Bal,PRJEB58818,2,0.480577632276579,0.48027870134123357
material,LogisticRegression_Bal,PRJEB59830,11,0.4914828845773769,0.48027870134123357
material,LogisticRegression_Bal,PRJEB66300,42,0.46073381791250256,0.48027870134123357
material,LogisticRegression_Bal,PRJEB67998,19,0.478248471817257,0.48027870134123357
material,LogisticRegression_Bal,PRJEB78615,9,0.486398190042736,0.48027870134123357
material,LogisticRegression_Bal,PRJNA1056444,39,0.4805316733985151,0.48027870134123357
material,LogisticRegression_Bal,PRJNA302605,5,0.48025174285675115,0.48027870134123357
material,LogisticRegression_Bal,PRJNA320875,70,0.4448153263429189,0.48027870134123357
material,LogisticRegression_Bal,PRJNA531027,19,0.4795258645829883,0.48027870134123357
material,LogisticRegression_Bal,PRJNA557308,1,0.48024293356353037,0.48027870134123357
material,LogisticRegression_Bal,PRJNA558683,21,0.47368798483619645,0.48027870134123357
material,LogisticRegression_Bal,PRJNA608555,15,0.4796982593346456,0.48027870134123357
material,LogisticRegression_Bal,PRJNA657304,9,0.5011374397873443,0.48027870134123357
material,LogisticRegression_Bal,PRJNA660212,3,0.4801702252941007,0.48027870134123357
material,LogisticRegression_Bal,PRJNA680161,12,0.4668482397042393,0.48027870134123357
material,LogisticRegression_Bal,PRJNA685265,20,0.48224849051325946,0.48027870134123357
material,LogisticRegression_Bal,PRJNA704183,2,0.48020677700563463,0.48027870134123357
material,LogisticRegression_Bal,PRJNA739881,3,0.4801702252941007,0.48027870134123357
material,LogisticRegression_Bal,PRJNA794308,20,0.5273846102575005,0.48027870134123357
material,LinearSVM_Bal,PRJEB11511,17,0.5299671980569717,0.4437553969545661
material,LinearSVM_Bal,PRJEB18629,83,0.4612120595496045,0.4437553969545661
material,LinearSVM_Bal,PRJEB30331,76,0.4385968503745842,0.4437553969545661
material,LinearSVM_Bal,PRJEB31971,5,0.42408756478673393,0.4437553969545661
material,LinearSVM_Bal,PRJEB34825,38,0.3974016800341133,0.4437553969545661
material,LinearSVM_Bal,PRJEB41240,238,0.42371280735960937,0.4437553969545661
material,LinearSVM_Bal,PRJEB41420,1,0.4440003554034892,0.4437553969545661
material,LinearSVM_Bal,PRJEB41665,14,0.440918788554573,0.4437553969545661
material,LinearSVM_Bal,PRJEB44723,2,0.481187810180637,0.4437553969545661
material,LinearSVM_Bal,PRJEB47746,9,0.44438824151896483,0.4437553969545661
material,LinearSVM_Bal,PRJEB55789,2,0.4436461542090936,0.4437553969545661
material,LinearSVM_Bal,PRJEB56776,15,0.4430521430293065,0.4437553969545661
material,LinearSVM_Bal,PRJEB58818,2,0.44399523507994326,0.4437553969545661
material,LinearSVM_Bal,PRJEB59830,11,0.44955049358282007,0.4437553969545661
material,LinearSVM_Bal,PRJEB66300,42,0.4256885953351329,0.4437553969545661
material,LinearSVM_Bal,PRJEB67998,19,0.443411642584809,0.4437553969545661
material,LinearSVM_Bal,PRJEB78615,9,0.4488063357090622,0.4437553969545661
material,LinearSVM_Bal,PRJNA1056444,39,0.4434392860087237,0.4437553969545661
material,LinearSVM_Bal,PRJNA302605,5,0.4435570497361215,0.4437553969545661
material,LinearSVM_Bal,PRJNA320875,70,0.414067781095502,0.4437553969545661
material,LinearSVM_Bal,PRJNA531027,19,0.44261791458221694,0.4437553969545661
material,LinearSVM_Bal,PRJNA557308,1,0.4437010556914336,0.4437553969545661
material,LinearSVM_Bal,PRJNA558683,21,0.4379372743991554,0.4437553969545661
material,LinearSVM_Bal,PRJNA608555,15,0.44287723013322644,0.4437553969545661
material,LinearSVM_Bal,PRJNA657304,9,0.4477356987088778,0.4437553969545661
material,LinearSVM_Bal,PRJNA660212,3,0.44359068379947547,0.4437553969545661
material,LinearSVM_Bal,PRJNA680161,12,0.43236638745672934,0.4437553969545661
material,LinearSVM_Bal,PRJNA685265,20,0.4455243586250456,0.4437553969545661
material,LinearSVM_Bal,PRJNA704183,2,0.4436461542090936,0.4437553969545661
material,LinearSVM_Bal,PRJNA739881,3,0.44359068379947547,0.4437553969545661
material,LinearSVM_Bal,PRJNA794308,20,0.4899229581997842,0.4437553969545661
material,RandomForest,PRJEB11511,17,0.456991550053751,0.3841740124734861
material,RandomForest,PRJEB18629,83,0.41407743811877595,0.3841740124734861
material,RandomForest,PRJEB30331,76,0.3764181006079852,0.3841740124734861
material,RandomForest,PRJEB31971,5,0.35587455273589924,0.3841740124734861
material,RandomForest,PRJEB34825,38,0.33285518017960997,0.3841740124734861
material,RandomForest,PRJEB41240,238,0.37913585992221643,0.3841740124734861
material,RandomForest,PRJEB41420,1,0.3845958815430049,0.3841740124734861
material,RandomForest,PRJEB41665,14,0.3769501338059547,0.3841740124734861
material,RandomForest,PRJEB44723,2,0.41653568412166503,0.3841740124734861
material,RandomForest,PRJEB47746,9,0.3733944693516967,0.3841740124734861
material,RandomForest,PRJEB55789,2,0.384038562338036,0.3841740124734861
material,RandomForest,PRJEB56776,15,0.3839463672441363,0.3841740124734861
material,RandomForest,PRJEB58818,2,0.3843371060707309,0.3841740124734861
material,RandomForest,PRJEB59830,11,0.38979342001513256,0.3841740124734861
material,RandomForest,PRJEB66300,42,0.3653212270971981,0.3841740124734861
material,RandomForest,PRJEB67998,19,0.38278586473427756,0.3841740124734861
material,RandomForest,PRJEB78615,9,0.3918464847606311,0.3841740124734861
material,RandomForest,PRJNA1056444,39,0.3816954560815038,0.3841740124734861
material,RandomForest,PRJNA302605,5,0.38423904437206874,0.3841740124734861
material,RandomForest,PRJNA320875,70,0.3899685485832572,0.3841740124734861
material,RandomForest,PRJNA531027,19,0.38277947659619155,0.3841740124734861
material,RandomForest,PRJNA557308,1,0.38410659385403123,0.3841740124734861
material,RandomForest,PRJNA558683,21,0.3772385507974162,0.3841740124734861
material,RandomForest,PRJNA608555,15,0.38309433748076765,0.3841740124734861
material,RandomForest,PRJNA657304,9,0.4049229403831618,0.3841740124734861
material,RandomForest,PRJNA660212,3,0.3839699095296571,0.3841740124734861
material,RandomForest,PRJNA680161,12,0.3862542763885133,0.3841740124734861
material,RandomForest,PRJNA685265,20,0.3826988129784846,0.3841740124734861
material,RandomForest,PRJNA704183,2,0.384038562338036,0.3841740124734861
material,RandomForest,PRJNA739881,3,0.3839699095296571,0.3841740124734861
material,RandomForest,PRJNA794308,20,0.4212754965409346,0.3841740124734861
material,RandomForest_Bal,PRJEB11511,17,0.4436164869420148,0.3733673668452529
material,RandomForest_Bal,PRJEB18629,83,0.41072123493761425,0.3733673668452529
material,RandomForest_Bal,PRJEB30331,76,0.367018027886628,0.3733673668452529
material,RandomForest_Bal,PRJEB31971,5,0.34589483937272547,0.3733673668452529
material,RandomForest_Bal,PRJEB34825,38,0.321147980749024,0.3733673668452529
material,RandomForest_Bal,PRJEB41240,238,0.3621655185160955,0.3733673668452529
material,RandomForest_Bal,PRJEB41420,1,0.3737205398171647,0.3733673668452529
material,RandomForest_Bal,PRJEB41665,14,0.3656026884085671,0.3733673668452529
material,RandomForest_Bal,PRJEB44723,2,0.40484366049419923,0.3733673668452529
material,RandomForest_Bal,PRJEB47746,9,0.3633632167585894,0.3733673668452529
material,RandomForest_Bal,PRJEB55789,2,0.37326179391415243,0.3733673668452529
material,RandomForest_Bal,PRJEB56776,15,0.37262798911023276,0.3733673668452529
material,RandomForest_Bal,PRJEB58818,2,0.37356443240114656,0.3733673668452529
material,RandomForest_Bal,PRJEB59830,11,0.3778095123968076,0.3733673668452529
material,RandomForest_Bal,PRJEB66300,42,0.352908297581729,0.3733673668452529
material,RandomForest_Bal,PRJEB67998,19,0.3750170749120887,0.3733673668452529
material,RandomForest_Bal,PRJEB78615,9,0.3759406571888785,0.3733673668452529
material,RandomForest_Bal,PRJNA1056444,39,0.3719171564660536,0.3733673668452529
material,RandomForest_Bal,PRJNA302605,5,0.3735847775259248,0.3733673668452529
material,RandomForest_Bal,PRJNA320875,70,0.37605059132219815,0.3733673668452529
material,RandomForest_Bal,PRJNA531027,19,0.37227176080212065,0.3733673668452529
material,RandomForest_Bal,PRJNA557308,1,0.3733148416988391,0.3733673668452529
material,RandomForest_Bal,PRJNA558683,21,0.3656503494914676,0.3733673668452529
material,RandomForest_Bal,PRJNA608555,15,0.3725208179429446,0.3733673668452529
material,RandomForest_Bal,PRJNA657304,9,0.39111731000997635,0.3733673668452529
material,RandomForest_Bal,PRJNA660212,3,0.37320821565161894,0.3733673668452529
material,RandomForest_Bal,PRJNA680161,12,0.38545863640566347,0.3733673668452529
material,RandomForest_Bal,PRJNA685265,20,0.37357892856784886,0.3733673668452529
material,RandomForest_Bal,PRJNA704183,2,0.37326179391415243,0.3733673668452529
material,RandomForest_Bal,PRJNA739881,3,0.37320821565161894,0.3733673668452529
material,RandomForest_Bal,PRJNA794308,20,0.4084764245076055,0.3733673668452529
material,kNN_5,PRJEB11511,17,0.4791402118588379,0.40150005618451157
material,kNN_5,PRJEB18629,83,0.42519254764847,0.40150005618451157
material,kNN_5,PRJEB30331,76,0.39374923007362533,0.40150005618451157
material,kNN_5,PRJEB31971,5,0.37819003287448827,0.40150005618451157
material,kNN_5,PRJEB34825,38,0.35162506086655415,0.40150005618451157
material,kNN_5,PRJEB41240,238,0.3882115822884957,0.40150005618451157
material,kNN_5,PRJEB41420,1,0.40195960674682196,0.40150005618451157
material,kNN_5,PRJEB41665,14,0.4009563679888465,0.40150005618451157
material,kNN_5,PRJEB44723,2,0.4353117015330461,0.40150005618451157
material,kNN_5,PRJEB47746,9,0.4027416462038959,0.40150005618451157
material,kNN_5,PRJEB55789,2,0.40161435739712,0.40150005618451157
material,kNN_5,PRJEB56776,15,0.4002753393929052,0.40150005618451157
material,kNN_5,PRJEB58818,2,0.40163132198616247,0.40150005618451157
material,kNN_5,PRJEB59830,11,0.4000019722929339,0.40150005618451157
material,kNN_5,PRJEB66300,42,0.38231923700369236,0.40150005618451157
material,kNN_5,PRJEB67998,19,0.40175988441114513,0.40150005618451157
material,kNN_5,PRJEB78615,9,0.40486841963384584,0.40150005618451157
material,kNN_5,PRJNA1056444,39,0.4008372981382807,0.40150005618451157
material,kNN_5,PRJNA302605,5,0.40091115419257933,0.40150005618451157
material,kNN_5,PRJNA320875,70,0.39063375734864203,0.40150005618451157
material,kNN_5,PRJNA531027,19,0.39957429332903094,0.40150005618451157
material,kNN_5,PRJNA557308,1,0.4014067550214193,0.40150005618451157
material,kNN_5,PRJNA558683,21,0.3974874722593342,0.40150005618451157
material,kNN_5,PRJNA608555,15,0.400008335235777,0.40150005618451157
material,kNN_5,PRJNA657304,9,0.4279075840756714,0.40150005618451157
material,kNN_5,PRJNA660212,3,0.40121765912294716,0.40150005618451157
material,kNN_5,PRJNA680161,12,0.3945599169484403,0.40150005618451157
material,kNN_5,PRJNA685265,20,0.39946316814206284,0.40150005618451157
material,kNN_5,PRJNA704183,2,0.4013126263535546,0.40150005618451157
material,kNN_5,PRJNA739881,3,0.40121765912294716,0.40150005618451157
material,kNN_5,PRJNA794308,20,0.4402589399100367,0.40150005618451157
