dim	activation_sd	eta2_sample_host	rho_log_abundance	p_log_abundance	rho_mean_fraction	p_mean_fraction	best_task	best_eta2	max_abs_rho_depth	depth_dominated
0	0.4973750412464142	0.14320887625217438	-0.10360701412607136	6.246782107069219e-08	-0.0882059866830241	4.1497675802492625e-06	sample_host	0.14320887625217438	0.10360701412607136	False
1	0.5726025700569153	0.784562885761261	0.03514781419504169	0.06703191136447034	0.044633506635745425	0.020009210324416323	sample_host	0.784562885761261	0.044633506635745425	False
2	0.5333752632141113	0.7847579717636108	0.16874438184233503	8.468874451468893e-19	0.13264621179592923	3.909985173611271e-12	sample_host	0.7847579717636108	0.16874438184233503	False
3	0.3615751564502716	0.9101664423942566	-0.19927458316908328	1.0039305147993756e-25	-0.28390759815799116	1.5975688327407606e-51	sample_host	0.9101664423942566	0.28390759815799116	False
4	0.5074343681335449	0.9289445281028748	0.32482773658161884	9.078651201702104e-68	0.2636471169312767	2.0131363200751227e-44	sample_host	0.9289445281028748	0.32482773658161884	False
5	0.3668394982814789	0.899872362613678	0.04312290435827619	0.024616256687699616	-0.0002238241852420985	0.9906974469293396	sample_host	0.899872362613678	0.04312290435827619	False
6	0.44695550203323364	0.6620073318481445	-0.24433454717754127	3.292875003105574e-38	-0.31318712834931844	7.027427845971126e-63	sample_host	0.6620073318481445	0.31318712834931844	False
7	0.8287901282310486	0.2591411769390106	0.68201139097569	0.0	0.6859393501837726	0.0	sample_host	0.2591411769390106	0.6859393501837726	True
8	0.26278752088546753	0.8685933947563171	0.5524205061820622	7.46471963366796e-217	0.533349665316736	1.5644807166099414e-199	sample_host	0.8685933947563171	0.5524205061820622	False
9	0.45370468497276306	0.1494961977005005	-0.2555281611985651	9.57213540254718e-42	-0.2978157895290388	9.412852380323963e-57	sample_host	0.1494961977005005	0.2978157895290388	False
10	0.7932645678520203	0.9247514605522156	0.023324697257955614	0.2242980838160698	-0.05116534779017885	0.007652833691340113	sample_host	0.9247514605522156	0.05116534779017885	False
11	0.730532169342041	0.8324527740478516	-0.30909531353197334	3.2653276016778224e-61	-0.4460736620080215	5.995520277044916e-133	sample_host	0.8324527740478516	0.4460736620080215	False
12	0.7813506126403809	0.2866559326648712	0.4637547305961634	6.382021269026307e-145	0.4997933227636343	1.2773438494956633e-171	sample_host	0.2866559326648712	0.4997933227636343	False
13	0.3537125289440155	0.24504151940345764	-0.33690692240277353	4.4897704012700043e-73	-0.370068671466938	6.547015497704374e-89	sample_host	0.24504151940345764	0.370068671466938	False
14	0.7401041984558105	0.8132220506668091	0.25615640252674615	5.987365782523369e-42	0.19449029345409669	1.4692269361022135e-24	sample_host	0.8132220506668091	0.25615640252674615	False
15	0.7929636240005493	0.3822689950466156	0.2671784447648691	1.2873782566105917e-45	0.3287905846392653	1.7528884375383425e-69	sample_host	0.3822689950466156	0.3287905846392653	False
16	0.47152024507522583	0.8848366737365723	0.12151527554368308	2.1055123004014663e-10	0.04982890350145107	0.009396963941150015	sample_host	0.8848366737365723	0.12151527554368308	False
17	0.9635918736457825	0.6352273225784302	0.45159045388372365	1.3112027823416971e-136	0.49896502304605034	5.708802741576621e-171	sample_host	0.6352273225784302	0.49896502304605034	False
18	0.6647602915763855	0.4150913655757904	0.45744332645970875	1.4456856921282295e-140	0.5054695124063201	3.9975049963330015e-176	sample_host	0.4150913655757904	0.5054695124063201	False
19	0.7288019061088562	0.6237408518791199	0.5085964029115724	1.2126439459087413e-178	0.6004613835596991	7.626095489969104e-266	sample_host	0.6237408518791199	0.6004613835596991	False
20	0.8650200963020325	0.3321530222892761	0.4929722375722517	2.5588642817530345e-166	0.5555616863615851	8.150431273645392e-220	sample_host	0.3321530222892761	0.5555616863615851	False
21	1.0081570148468018	0.8621249794960022	0.461513504014768	2.3013981738987463e-143	0.47231946708406897	5.580042017370948e-151	sample_host	0.8621249794960022	0.47231946708406897	False
22	0.2170257717370987	0.6968563199043274	0.5359141245805676	8.501503858660458e-202	0.5781315185795122	4.659737686543505e-242	sample_host	0.6968563199043274	0.5781315185795122	False
23	0.7357588410377502	0.8364847302436829	-0.3808831257288759	1.7052340519190643e-94	-0.441827036902206	3.544929331349624e-130	sample_host	0.8364847302436829	0.441827036902206	False
24	0.550009548664093	0.7694586515426636	0.24009770580715756	6.457547822116055e-37	0.16807754085662435	1.163419419977146e-18	sample_host	0.7694586515426636	0.24009770580715756	False
25	0.7734414935112	0.8829370141029358	0.031787508660194884	0.0976671298793232	0.03471132583672955	0.07049732009451463	sample_host	0.8829370141029358	0.03471132583672955	False
26	0.4426613748073578	0.7035458087921143	0.3674082516237118	1.4368126253945976e-87	0.29825396983144853	6.370240248687547e-57	sample_host	0.7035458087921143	0.3674082516237118	False
27	0.207077294588089	0.6965939402580261	0.2510245963911023	2.6623320996547097e-40	0.19307455908436663	3.207613601224238e-24	sample_host	0.6965939402580261	0.2510245963911023	False
28	0.6173885464668274	0.2255847156047821	-0.36313337574665244	1.9334194412775427e-85	-0.41112436491709115	2.8342902631455685e-111	sample_host	0.2255847156047821	0.41112436491709115	False
29	0.4623985290527344	0.9072211980819702	0.41187972378185306	1.024696377172511e-111	0.45154011489976265	1.4170126438115437e-136	sample_host	0.9072211980819702	0.45154011489976265	False
30	0.4927009046077728	0.8537070751190186	-0.1712028211118724	2.5972182035615106e-19	-0.2102206561820485	1.665590540820532e-28	sample_host	0.8537070751190186	0.2102206561820485	False
31	0.08476991951465607	0.2775684893131256	0.40709719801452715	6.151914836340757e-109	0.42052310339271987	7.463312884964211e-117	sample_host	0.2775684893131256	0.42052310339271987	False
32	0.961050808429718	0.21925123035907745	0.38801769520032847	2.691562680435894e-98	0.4593501835744278	7.143536630346e-142	sample_host	0.21925123035907745	0.4593501835744278	False
33	0.4154120981693268	0.7778498530387878	0.35168406395123747	6.76086556460995e-80	0.3876845611117048	4.070367697738262e-98	sample_host	0.7778498530387878	0.3876845611117048	False
34	0.3459395170211792	0.04923836514353752	-0.24422866384104952	3.549627561067923e-38	-0.2552314917180181	1.1940943711056433e-41	sample_host	0.04923836514353752	0.2552314917180181	True
35	0.4488525390625	0.8593140244483948	0.022299968828231553	0.24532562035930938	-0.021578222975155915	0.260941828118623	sample_host	0.8593140244483948	0.022299968828231553	False
36	0.2543134093284607	0.7121084928512573	0.30372351394159186	4.5981676028321915e-59	0.3236600559529122	2.8725420763445573e-67	sample_host	0.7121084928512573	0.3236600559529122	False
37	1.089759349822998	0.49937623739242554	0.4674025074023302	1.761075235103243e-147	0.5464326517348292	2.705606363766497e-211	sample_host	0.49937623739242554	0.5464326517348292	False
38	0.8895885944366455	0.1755513697862625	-0.26177166098488475	8.525627065996559e-44	-0.2925054874260542	1.0121461636763458e-54	sample_host	0.1755513697862625	0.2925054874260542	False
39	0.2453444004058838	0.28330379724502563	-0.16630131099591616	2.693575052498022e-18	-0.19036016350336957	1.4092848127203627e-23	sample_host	0.28330379724502563	0.19036016350336957	False
40	0.8041939735412598	0.5584601759910583	0.45717597110330266	2.200615372394894e-140	0.5591198719659849	3.293680627730027e-223	sample_host	0.5584601759910583	0.5591198719659849	False
41	0.7141891717910767	0.796570897102356	-0.25077591866734866	3.1927854094075684e-40	-0.24655004967082658	6.786979454004986e-39	sample_host	0.796570897102356	0.25077591866734866	False
42	1.06883704662323	0.5018489956855774	0.4160828091352653	3.39715564893247e-114	0.4958663338797963	1.4902893390135615e-168	sample_host	0.5018489956855774	0.4958663338797963	False
43	0.5685030817985535	0.5365489721298218	0.43386110032906416	4.402254487173797e-125	0.5024505834712232	1.0189403863073416e-173	sample_host	0.5365489721298218	0.5024505834712232	False
44	0.5054969787597656	0.7475670576095581	-0.15639720751857314	2.4560125554319834e-16	-0.19349668242124327	2.5430251823368495e-24	sample_host	0.7475670576095581	0.19349668242124327	False
45	0.5640652775764465	0.5093773603439331	-0.13764348829145506	5.8326503567529e-13	-0.150926608692652	2.6304770222622806e-15	sample_host	0.5093773603439331	0.150926608692652	False
46	0.6101661324501038	0.26997819542884827	-0.3313729831522976	1.2966383092662345e-70	-0.3485871786954602	1.9519841115520989e-78	sample_host	0.26997819542884827	0.3485871786954602	False
47	0.9294472336769104	0.36519601941108704	0.47443029819178645	1.6858625846944093e-152	0.5595001245270602	1.4209808850396682e-223	sample_host	0.36519601941108704	0.5595001245270602	False
48	0.7322513461112976	0.8241693377494812	0.37577142647749234	7.903849028567166e-92	0.41843503357791517	1.3426003591153004e-115	sample_host	0.8241693377494812	0.41843503357791517	False
49	0.14095643162727356	0.873053789138794	0.4003212448122315	4.450793569936597e-105	0.4332032916351216	1.1435809042398096e-124	sample_host	0.873053789138794	0.4332032916351216	False
50	0.4298431873321533	0.6868559718132019	0.09264851036103894	1.320896854462468e-06	0.10120905518032777	1.2523549283292104e-07	sample_host	0.6868559718132019	0.10120905518032777	False
51	0.6478102803230286	0.6918531656265259	-0.07773967939390676	4.998502485305353e-05	-0.10281279315920445	7.878748117709511e-08	sample_host	0.6918531656265259	0.10281279315920445	False
52	0.16976632177829742	0.8065345287322998	0.23197834513802792	1.6483312424576138e-34	0.21357941146322243	2.1700254673115662e-29	sample_host	0.8065345287322998	0.23197834513802792	False
53	0.8388082981109619	0.9176592826843262	0.25737157950063666	2.4070369671940608e-42	0.2286710272437977	1.4837594419730146e-33	sample_host	0.9176592826843262	0.25737157950063666	False
54	0.6050150990486145	0.17034225165843964	-0.5305649252736572	4.283365315240109e-197	-0.539913494013948	2.2808234426723727e-205	sample_host	0.17034225165843964	0.539913494013948	True
55	0.8325806856155396	0.4599572718143463	-0.27972544065726884	5.23468404724739e-50	-0.2689665520300806	3.1484974819680648e-46	sample_host	0.4599572718143463	0.27972544065726884	False
56	0.709272027015686	0.7672716975212097	-0.03598066099578435	0.06080851040996749	-0.02845549410301274	0.1381852566560966	sample_host	0.7672716975212097	0.03598066099578435	False
57	0.6864427924156189	0.28506195545196533	-0.21667479374332665	3.21619428013035e-30	-0.23886363302997973	1.5198918726150182e-36	sample_host	0.28506195545196533	0.23886363302997973	False
58	0.31603819131851196	0.34336063265800476	-0.2523477782853398	1.009084691172774e-40	-0.2893674300031375	1.53285440921342e-53	sample_host	0.34336063265800476	0.2893674300031375	False
59	0.30864083766937256	0.8968670964241028	-0.2744549869469858	3.9045327981103564e-48	-0.33140770956444604	1.251803218890693e-70	sample_host	0.8968670964241028	0.33140770956444604	False
60	0.291280061006546	0.30084675550460815	-0.053363733014861615	0.005406391451189776	-0.05718318491432441	0.0028713622798388436	sample_host	0.30084675550460815	0.05718318491432441	False
61	0.7276275157928467	0.6411623358726501	0.4335113783062639	7.314857556800378e-125	0.5057201860994448	2.517036525534453e-176	sample_host	0.6411623358726501	0.5057201860994448	False
62	0.4587264060974121	0.742676317691803	0.06591159700970942	0.0005878559115584795	-0.012533029682961895	0.5138291113214645	sample_host	0.742676317691803	0.06591159700970942	False
63	0.4153764545917511	0.5191556215286255	-0.02450109739590092	0.20178419546056414	-0.06247944458532577	0.0011227298325500094	sample_host	0.5191556215286255	0.06247944458532577	False
64	0.551676869392395	0.9155866503715515	0.20827007525958002	5.3537219699714965e-28	0.21363247834773327	2.1006761011974186e-29	sample_host	0.9155866503715515	0.21363247834773327	False
65	0.2598993480205536	0.6388962864875793	0.2565210522659385	4.557227313769871e-42	0.2734072933932347	9.097709330766819e-48	sample_host	0.6388962864875793	0.2734072933932347	False
66	0.2682155668735504	0.6334937810897827	0.5977969930332953	6.597126666615295e-263	0.6157348827631842	3.1468977860811263e-283	sample_host	0.6334937810897827	0.6157348827631842	False
67	0.43103763461112976	0.3658115863800049	-0.4540429303643415	2.942802380384053e-138	-0.519856192596711	6.246943589953526e-188	sample_host	0.3658115863800049	0.519856192596711	False
68	0.3753288984298706	0.7759261131286621	-0.06800053044639708	0.00039062326937403387	-0.15905117881005731	7.536135935959307e-17	sample_host	0.7759261131286621	0.15905117881005731	False
69	0.7245533466339111	0.8665813207626343	0.40607200202146865	2.3917200190233686e-108	0.40879264217959743	6.445090107038452e-110	sample_host	0.8665813207626343	0.40879264217959743	False
70	0.4717727303504944	0.2758151888847351	0.4053266578800815	6.399409714152132e-108	0.42582246176905963	4.442813260478001e-120	sample_host	0.2758151888847351	0.42582246176905963	False
71	0.646453320980072	0.22418645024299622	-0.4328486507872312	1.911626133341715e-124	-0.4427515825421538	8.902433386913271e-131	sample_host	0.22418645024299622	0.4427515825421538	False
72	1.0372003316879272	0.5099637508392334	0.3574201969301601	1.2055376294288254e-82	0.3193969349170496	1.8446123240411978e-65	sample_host	0.5099637508392334	0.3574201969301601	False
73	0.4709387719631195	0.8643149733543396	-0.22456437754152822	2.1648833710924842e-32	-0.2515772970635592	1.7765240681789316e-40	sample_host	0.8643149733543396	0.2515772970635592	False
74	0.7593202590942383	0.7137947082519531	-0.0826112298545779	1.6274355755676244e-05	-0.03853634532495969	0.04462704287272644	sample_host	0.7137947082519531	0.0826112298545779	False
75	0.7669798731803894	0.7560524344444275	0.03269253235847757	0.08848375011301554	0.08107330105749405	2.3350893128987595e-05	sample_host	0.7560524344444275	0.08107330105749405	False
76	0.5978811979293823	0.9357361793518066	0.3887048122007249	1.145107705819234e-98	0.3743865328676202	4.0919207446588025e-91	sample_host	0.9357361793518066	0.3887048122007249	False
77	0.27702099084854126	0.5668654441833496	-0.32880303766229474	1.731118740868628e-69	-0.395373467926689	2.5722659443875986e-102	sample_host	0.5668654441833496	0.395373467926689	False
78	0.8875596523284912	0.9080475568771362	0.028793270508719025	0.1335654657570162	0.03524770186590044	0.0662589035295451	sample_host	0.9080475568771362	0.03524770186590044	False
79	0.45986536145210266	0.6526637077331543	-0.020922005155221565	0.2757250184832441	-0.0030257524263036795	0.8747596812284785	sample_host	0.6526637077331543	0.020922005155221565	False
80	0.3792378306388855	0.518010139465332	-0.24984291714224102	6.301390443927948e-40	-0.2463949162750396	7.584544744676792e-39	sample_host	0.518010139465332	0.24984291714224102	False
81	0.7109428644180298	0.9397492408752441	-0.17934561193507503	4.562549795796388e-21	-0.2334664860468188	6.063541995380955e-35	sample_host	0.9397492408752441	0.2334664860468188	False
82	0.33808690309524536	0.10285615175962448	-0.16796674147934493	1.2262986301189688e-18	-0.09421651866436415	8.707537648204715e-07	sample_host	0.10285615175962448	0.16796674147934493	False
83	0.4060227870941162	0.2284318208694458	-0.5391439194735298	1.119590900492094e-204	-0.6152005000535176	1.3252902427610322e-282	sample_host	0.2284318208694458	0.6152005000535176	True
84	0.6209325194358826	0.9386996626853943	0.2590853927325819	6.6028818424686425e-43	0.2911841619404103	3.1917863407647676e-54	sample_host	0.9386996626853943	0.2911841619404103	False
85	0.17244012653827667	0.5423781871795654	0.523023632187945	1.3161503733339405e-190	0.5918414636673973	1.9294570013746027e-256	sample_host	0.5423781871795654	0.5918414636673973	False
86	0.5928504467010498	0.8904396295547485	-0.039088884116961466	0.04165325463050668	-0.12165319164219214	2.0082882430193663e-10	sample_host	0.8904396295547485	0.12165319164219214	False
87	0.694917619228363	0.3326941430568695	0.45251851645868946	3.1280963083428674e-137	0.5213217189302946	3.638141504519368e-189	sample_host	0.3326941430568695	0.5213217189302946	False
88	0.2739250659942627	0.07741130888462067	-0.5350457826169046	4.995566143630924e-201	-0.6099591357499745	1.5265098046668852e-276	sample_host	0.07741130888462067	0.6099591357499745	True
89	0.6713630557060242	0.6458635926246643	0.5173716920489577	7.50287247986397e-186	0.5684892619984184	2.410532980631565e-232	sample_host	0.6458635926246643	0.5684892619984184	False
90	0.6606091260910034	0.25372186303138733	-0.32956352385723736	8.06123231547763e-70	-0.2832237476745138	2.838232586036619e-51	sample_host	0.25372186303138733	0.32956352385723736	False
91	0.4755862057209015	0.8541165590286255	0.3588141133039889	2.538416340984264e-83	0.28953977847604284	1.3214998062229537e-53	sample_host	0.8541165590286255	0.3588141133039889	False
92	1.088202714920044	0.5938215255737305	0.4363971911692439	1.0880769846801475e-126	0.49738289084670584	9.853527084224101e-170	sample_host	0.5938215255737305	0.49738289084670584	False
93	0.40682265162467957	0.7063508033752441	0.4216352815154332	1.587931351424688e-117	0.45736056682743853	1.646549505227638e-140	sample_host	0.7063508033752441	0.45736056682743853	False
94	0.4703814387321472	0.8920338749885559	0.3092866565847656	2.7324786801465126e-61	0.3283452930241625	2.7394252666098357e-69	sample_host	0.8920338749885559	0.3283452930241625	False
95	0.32064563035964966	0.8103138208389282	0.4407191349207615	1.8461728975959684e-129	0.4607013051422339	8.382655253975303e-143	sample_host	0.8103138208389282	0.4607013051422339	False
96	0.49797600507736206	0.7652042508125305	-0.027779430253121556	0.14780032050503686	-0.027289290289816425	0.15508476561180642	sample_host	0.7652042508125305	0.027779430253121556	False
97	0.8477423787117004	0.4258618950843811	-0.330050993526609	4.9333187721650505e-70	-0.31386859921633126	3.6861189264443216e-63	sample_host	0.4258618950843811	0.330050993526609	False
98	0.5806472301483154	0.7345121502876282	0.3819878576828321	4.4595473843189964e-95	0.40349115225962395	7.146554126461416e-107	sample_host	0.7345121502876282	0.40349115225962395	False
99	0.565291166305542	0.7849313616752625	0.026207591906963774	0.17212071563325554	-0.08152409089687132	2.1019656229759785e-05	sample_host	0.7849313616752625	0.08152409089687132	False
100	0.5834632515907288	0.581863522529602	-0.16226461775215903	1.7541308944811218e-17	-0.1683346818160946	1.0294929833950333e-18	sample_host	0.581863522529602	0.1683346818160946	False
101	0.4748985767364502	0.8367701768875122	0.14837432029030106	7.721930995806668e-15	0.07308231372777552	0.00013781985201110063	sample_host	0.8367701768875122	0.14837432029030106	False
102	0.6341208815574646	0.4785887598991394	-0.06271089720664194	0.0010758219742103036	-0.07967802993123198	3.222565983983567e-05	sample_host	0.4785887598991394	0.07967802993123198	False
103	1.0940285921096802	0.35211578011512756	0.7085309673747952	0.0	0.7201018494022408	0.0	sample_host	0.35211578011512756	0.7201018494022408	True
104	0.6349987387657166	0.8758496046066284	0.3625611172331819	3.705597277901405e-85	0.3188887662398259	3.015955353245515e-65	sample_host	0.8758496046066284	0.3625611172331819	False
105	0.554999589920044	0.5830546617507935	0.16879985018880622	8.247621933996039e-19	0.1442853014396581	4.170287900257414e-14	sample_host	0.5830546617507935	0.16879985018880622	False
106	0.7770663499832153	0.8369259238243103	0.27051362997905765	9.229289811882836e-47	0.28857577656708483	3.0261344153416457e-53	sample_host	0.8369259238243103	0.28857577656708483	False
107	0.7738279700279236	0.3793996572494507	0.4213496287621495	2.364265441937892e-117	0.48207086042230907	4.320234232438529e-158	sample_host	0.3793996572494507	0.48207086042230907	False
108	0.7346133589744568	0.7669255137443542	0.41147342517152224	1.7717485460039688e-111	0.4364345175837155	1.0301606418875184e-126	sample_host	0.7669255137443542	0.4364345175837155	False
109	0.908113956451416	0.9102482795715332	0.022957765506499864	0.2316744300138506	0.039774580376837135	0.03819755913358614	sample_host	0.9102482795715332	0.039774580376837135	False
110	0.34222742915153503	0.16966690123081207	-0.3422189725382099	1.7470034657102733e-75	-0.38544046529106507	6.520161783893932e-97	sample_host	0.16966690123081207	0.38544046529106507	False
111	0.5172093510627747	0.8956502676010132	-0.009762004265849581	0.6110836114485356	-0.05197639148885818	0.006741570591018641	sample_host	0.8956502676010132	0.05197639148885818	False
112	0.6773841381072998	0.8435484170913696	0.1428585379661066	7.42788235109367e-14	0.09292264901924262	1.2286728851829985e-06	sample_host	0.8435484170913696	0.1428585379661066	False
113	0.6442350745201111	0.5189735889434814	-0.16034809660404764	4.1995612432359707e-17	-0.2341953065366678	3.70596612748055e-35	sample_host	0.5189735889434814	0.2341953065366678	False
114	0.2922087013721466	0.22462594509124756	-0.23328575847553784	6.84913079267993e-35	-0.2331418100738105	7.546488352399503e-35	sample_host	0.22462594509124756	0.23328575847553784	False
115	0.7809226512908936	0.40321213006973267	0.18881825141998748	3.234973971855064e-23	0.2531198949794671	5.713667929214708e-41	sample_host	0.40321213006973267	0.2531198949794671	False
116	0.4723777770996094	0.9235840439796448	0.3555026539047619	1.0149320383398308e-81	0.27104536024187925	6.042107428548654e-47	sample_host	0.9235840439796448	0.3555026539047619	False
117	0.6866925358772278	0.8694303035736084	0.6386614027895655	3.398199216374e-311	0.7261397760927604	0.0	sample_host	0.8694303035736084	0.7261397760927604	False
118	0.5539551377296448	0.21062836050987244	0.5989949995945364	3.1781289041539416e-264	0.6648212066922519	0.0	sample_host	0.21062836050987244	0.6648212066922519	True
119	0.7179986834526062	0.45120546221733093	-0.21857054533261036	9.843922534493964e-31	-0.34654221459094026	1.7614731756268828e-77	sample_host	0.45120546221733093	0.34654221459094026	False
120	0.4810276925563812	0.25078609585762024	0.5244098017047021	8.691484521184814e-192	0.5834525442264412	1.4707670532778446e-247	sample_host	0.25078609585762024	0.5834525442264412	True
121	0.7849228978157043	0.8152356743812561	-0.0020230511529328982	0.9160715839524827	-0.06554620172328234	0.0006306905263759589	sample_host	0.8152356743812561	0.06554620172328234	False
122	0.5964602828025818	0.8372880220413208	0.4345656337105831	1.579849317819728e-125	0.4929966581650708	2.4506420026787273e-166	sample_host	0.8372880220413208	0.4929966581650708	False
123	0.4794045090675354	0.6945996284484863	0.34475030119877703	1.1945398120788558e-76	0.3618832190163131	7.994632648393787e-85	sample_host	0.6945996284484863	0.3618832190163131	False
124	0.25425294041633606	0.6180936098098755	0.5018504996777531	3.045054906322841e-173	0.5250582533636299	2.427204160518836e-192	sample_host	0.6180936098098755	0.5250582533636299	False
125	0.7249312996864319	0.8162705302238464	-0.059308349783397975	0.001986996282837023	-0.08794851360542259	4.427235669935632e-06	sample_host	0.8162705302238464	0.08794851360542259	False
126	0.7599183320999146	0.5404615998268127	0.39985394908676547	8.15272212483823e-105	0.46459368482156704	1.656228656515893e-145	sample_host	0.5404615998268127	0.46459368482156704	False
127	0.6211196780204773	0.6148681640625	-0.20564353991093598	2.5319280365850456e-27	-0.13430914390060056	2.0921772087711753e-12	sample_host	0.6148681640625	0.20564353991093598	False
128	0.6066176891326904	0.8119324445724487	0.6869695707339013	0.0	0.7540296874375894	0.0	sample_host	0.8119324445724487	0.7540296874375894	False
129	0.9926145076751709	0.91115802526474	0.3898119379878706	2.877036359026259e-99	0.4362627124249103	1.3250055563694764e-126	sample_host	0.91115802526474	0.4362627124249103	False
130	0.6795600056648254	0.49895137548446655	0.4493829492406258	3.8937107851762235e-135	0.5120817267310864	1.761708167138366e-181	sample_host	0.49895137548446655	0.5120817267310864	False
131	0.7506130933761597	0.795091450214386	-0.06816790032006134	0.00037785259977895293	-0.15790878282618856	1.2562808731118676e-16	sample_host	0.795091450214386	0.15790878282618856	False
132	1.1446224451065063	0.9188778400421143	0.08291879703174611	1.5129285933567819e-05	0.05837142076349885	0.0023404859222898996	sample_host	0.9188778400421143	0.08291879703174611	False
133	0.7929543256759644	0.5783378481864929	0.4096926888054703	1.9354806732919962e-110	0.5141064070121341	3.821203860498905e-183	sample_host	0.5783378481864929	0.5141064070121341	False
134	0.5595489740371704	0.3674654960632324	0.3544689590644651	3.1810255508277973e-81	0.39439986980005576	8.87674523629352e-102	sample_host	0.3674654960632324	0.39439986980005576	False
135	0.30060476064682007	0.8143838047981262	0.5996088531951247	6.684802293053804e-265	0.6632821539738104	0.0	sample_host	0.8143838047981262	0.6632821539738104	False
136	0.5789212584495544	0.5336201786994934	0.4389006921041835	2.734032673406394e-128	0.4404999524382705	2.5570483200815016e-129	sample_host	0.5336201786994934	0.4404999524382705	False
137	0.42857611179351807	0.6833150386810303	0.047391474527083734	0.013508669236903218	0.037601283964760125	0.0500669687367047	sample_host	0.6833150386810303	0.047391474527083734	False
138	0.746353805065155	0.6955306529998779	-0.15016028133162723	3.641751212490023e-15	-0.23274531879465737	9.853330613026127e-35	sample_host	0.6955306529998779	0.23274531879465737	False
139	0.5973243713378906	0.5239210724830627	0.5162871888022502	5.992019472577994e-185	0.57521185295214	4.4041443073986095e-239	sample_host	0.5239210724830627	0.57521185295214	False
140	0.31748831272125244	0.8951937556266785	-0.2003890848842289	5.319850262077882e-26	-0.2725312818871464	1.840154572308968e-47	sample_host	0.8951937556266785	0.2725312818871464	False
141	0.48667410016059875	0.43099847435951233	-0.3856670999275535	4.932063234918524e-97	-0.4565940829166947	5.4843006675566645e-140	sample_host	0.43099847435951233	0.4565940829166947	False
142	0.439907968044281	0.4172457754611969	0.5926449081568137	2.6362981899884405e-257	0.5887914010429883	3.507346929513976e-253	sample_host	0.4172457754611969	0.5926449081568137	False
143	0.5799220204353333	0.7321801781654358	-0.2950908204882219	1.0509712000305926e-55	-0.4042166844476217	2.7583675054867704e-107	sample_host	0.7321801781654358	0.4042166844476217	False
144	0.6679786443710327	0.747215747833252	-0.19882795817348836	1.2935092424984025e-25	-0.2164104764574009	3.7900589718366064e-30	sample_host	0.747215747833252	0.2164104764574009	False
145	0.5631346106529236	0.8665719032287598	0.07518736862572331	8.775951170923835e-05	0.0888547030412626	3.522576018961868e-06	sample_host	0.8665719032287598	0.0888547030412626	False
146	0.47225144505500793	0.2128189355134964	-0.3570094356928923	1.9051127280511042e-82	-0.37132928286431965	1.4997607872095748e-89	sample_host	0.2128189355134964	0.37132928286431965	False
147	0.37970346212387085	0.8604335188865662	-0.22767416005277427	2.857974796689891e-33	-0.2673472497856102	1.127633039968026e-45	sample_host	0.8604335188865662	0.2673472497856102	False
148	0.380370169878006	0.35120561718940735	-0.28538121405330164	4.6050930364929445e-52	-0.3246524309837282	1.0796053650382607e-67	sample_host	0.35120561718940735	0.3246524309837282	False
149	0.5413629412651062	0.5143404603004456	0.4404640941252576	2.6969506757505705e-129	0.5040795541674266	5.160795268797745e-175	sample_host	0.5143404603004456	0.5040795541674266	False
150	0.8751028180122375	0.5846943259239197	0.23372032812020732	5.109005242948298e-35	0.21275324140928822	3.594028859887027e-29	sample_host	0.5846943259239197	0.23372032812020732	False
151	0.7006003260612488	0.8196359872817993	-0.29995922649661344	1.3849753230023948e-57	-0.3501699443146499	3.516480012219036e-79	sample_host	0.8196359872817993	0.3501699443146499	False
152	0.7286768555641174	0.742802083492279	0.2954061003920831	7.960405403161894e-56	0.3032145628330612	7.308375961020859e-59	sample_host	0.742802083492279	0.3032145628330612	False
153	0.856401801109314	0.44384002685546875	0.45693997304015355	3.18770306715997e-140	0.5110991136162615	1.1202946632901121e-180	sample_host	0.44384002685546875	0.5110991136162615	False
154	1.000977635383606	0.7612903118133545	0.22078335046385997	2.436961815576133e-31	0.182958882836004	7.129277068212321e-22	sample_host	0.7612903118133545	0.22078335046385997	False
155	0.5288968682289124	0.6329057812690735	0.17613633995819136	2.2969434373737245e-20	0.16616795193673092	2.8677498943852363e-18	sample_host	0.6329057812690735	0.17613633995819136	False
156	0.7417112588882446	0.3053784668445587	0.45377561509607867	4.458055486038658e-138	0.49975905699591183	1.3590733761569561e-171	sample_host	0.3053784668445587	0.49975905699591183	False
157	0.6615903973579407	0.7766886949539185	0.2947541789981047	1.4133613874763765e-55	0.23522677134422043	1.8408924211826007e-35	sample_host	0.7766886949539185	0.2947541789981047	False
158	0.4803931713104248	0.7420797944068909	0.42391205174394325	6.562002741936003e-119	0.4984910799393918	1.3421397144941877e-170	sample_host	0.7420797944068909	0.4984910799393918	False
159	0.4091182053089142	0.21735341846942902	0.5757132914077687	1.3644815329157173e-239	0.6137622135498378	6.266111944718829e-281	sample_host	0.21735341846942902	0.6137622135498378	True
160	0.8923287987709045	0.7511371970176697	0.45247617803865275	3.3397633675651865e-137	0.4799267887085713	1.6553375638213426e-156	sample_host	0.7511371970176697	0.4799267887085713	False
161	0.7949342727661133	0.7963758707046509	-0.029165674548737693	0.12861149447705864	-0.06023589049027541	0.0016859306704000594	sample_host	0.7963758707046509	0.06023589049027541	False
162	0.5171933174133301	0.6171262860298157	0.10958508884951088	1.030220964030088e-08	0.013871673681729684	0.4699085739674982	sample_host	0.6171262860298157	0.10958508884951088	False
163	0.5296891331672668	0.9330191612243652	0.5717030115413785	1.5147383146404215e-235	0.5652009722592534	4.185736618076804e-229	sample_host	0.9330191612243652	0.5717030115413785	False
164	0.7842031121253967	0.8076719045639038	-0.11123251164754552	6.162519708823163e-09	-0.09777854263815305	3.2966630676196496e-07	sample_host	0.8076719045639038	0.11123251164754552	False
165	0.28101515769958496	0.18694624304771423	-0.19149047663243546	7.62938759633175e-24	-0.12765899622441054	2.434598174598269e-11	sample_host	0.18694624304771423	0.19149047663243546	False
166	0.6076356172561646	0.7772171497344971	-0.00586472303897032	0.7599827215622876	-0.009517492988942382	0.6200429394845515	sample_host	0.7772171497344971	0.009517492988942382	False
167	0.9372591376304626	0.7089552283287048	0.36089372972019135	2.447817650241011e-84	0.4396135286280844	9.523618232461286e-129	sample_host	0.7089552283287048	0.4396135286280844	False
168	0.44848090410232544	0.3778526484966278	0.1801262254694489	3.0652667750458156e-21	0.20772753130826685	7.3925895401299065e-28	sample_host	0.3778526484966278	0.20772753130826685	False
169	1.080338954925537	0.8364859223365784	0.1162245194959927	1.2408082321817118e-09	0.11444245860996732	2.2161897725121752e-09	sample_host	0.8364859223365784	0.1162245194959927	False
170	0.2935500741004944	0.13431397080421448	-0.24539773677469626	1.5462662424978963e-38	-0.2836584710877329	1.9699990780917065e-51	sample_host	0.13431397080421448	0.2836584710877329	False
171	0.7429667115211487	0.8795613050460815	0.377398081446303	1.1340461512623034e-92	0.3909900295268148	6.577389118820764e-100	sample_host	0.8795613050460815	0.3909900295268148	False
172	0.5234451293945312	0.5128058195114136	0.348092158417282	3.329679809245156e-78	0.39488783239341235	4.773843725245762e-102	sample_host	0.5128058195114136	0.39488783239341235	False
173	0.41921284794807434	0.4738084375858307	-0.1475577965855189	1.0855263698925112e-14	-0.21858427904296995	9.759454433800816e-31	sample_host	0.4738084375858307	0.21858427904296995	False
174	0.3101555109024048	0.933174729347229	-0.018203306143739065	0.34297072516679794	-0.07239136688427483	0.0001594228587578047	sample_host	0.933174729347229	0.07239136688427483	False
175	0.453483909368515	0.5358132719993591	-0.011879672089274628	0.5360158384490725	-0.034233639956517334	0.07445674116043886	sample_host	0.5358132719993591	0.034233639956517334	False
176	0.506864070892334	0.8912179470062256	0.422549039989681	4.433437780204069e-118	0.46036654979048913	1.4266643783743085e-142	sample_host	0.8912179470062256	0.46036654979048913	False
177	0.7807295322418213	0.8669764399528503	-0.15863356597685443	9.088037512439257e-17	-0.2340098154848167	4.201374968538623e-35	sample_host	0.8669764399528503	0.2340098154848167	False
178	0.6804199814796448	0.13804411888122559	-0.3455757281445447	4.953779398444351e-77	-0.38656237228247214	1.6337991970389964e-97	sample_host	0.13804411888122559	0.38656237228247214	True
179	0.7579036951065063	0.8706278800964355	-0.16464857323102408	5.834241939707315e-18	-0.28326391891143077	2.7441375601536854e-51	sample_host	0.8706278800964355	0.28326391891143077	False
180	1.098140835762024	0.35604947805404663	0.6166508917756538	2.6590111449281092e-284	0.7226992319635325	0.0	sample_host	0.35604947805404663	0.7226992319635325	True
181	0.4832427203655243	0.9124400615692139	0.6193479004248309	1.7551409307835606e-287	0.7034584867476867	0.0	sample_host	0.9124400615692139	0.7034584867476867	False
182	0.9798984527587891	0.8055946826934814	0.08292680829182378	1.5100511443356061e-05	0.11764645969535041	7.76201587710856e-10	sample_host	0.8055946826934814	0.11764645969535041	False
183	0.6018936634063721	0.3754986822605133	-0.37089413167323604	2.4961716676188923e-89	-0.3489251412560814	1.3548585644015763e-78	sample_host	0.3754986822605133	0.37089413167323604	False
184	0.5799000263214111	0.8481889963150024	0.5458690235946584	8.907707426663795e-211	0.5137267444420716	7.85300470992005e-183	sample_host	0.8481889963150024	0.5458690235946584	False
185	0.4509943723678589	0.9347988367080688	0.4774268222371494	1.124338365238433e-154	0.5497032491614694	2.5689853034015775e-214	sample_host	0.9347988367080688	0.5497032491614694	False
186	0.4880616068840027	0.8764632940292358	0.11692741424425776	9.846910831994751e-10	0.03055502328052512	0.11137986139195412	sample_host	0.8764632940292358	0.11692741424425776	False
187	0.5259578824043274	0.810975193977356	0.42110026653355026	3.345512071362495e-117	0.34409076063582333	2.4088554915819416e-76	sample_host	0.810975193977356	0.42110026653355026	False
188	1.3891493082046509	0.4721408188343048	0.4733157772159766	1.0730392097763124e-151	0.5430745231367097	3.1699397535026916e-208	sample_host	0.4721408188343048	0.5430745231367097	False
189	0.5657609701156616	0.4296581745147705	0.5280024947477279	7.154472007929112e-195	0.4670448243218705	3.1484378392939296e-147	sample_host	0.4296581745147705	0.5280024947477279	False
190	0.3396981358528137	0.8334291577339172	0.6570945293520775	0.0	0.6615926097936621	0.0	sample_host	0.8334291577339172	0.6615926097936621	False
191	0.37032249569892883	0.556280255317688	0.6138574699707569	4.8568298609869346e-281	0.5679408915067443	8.41233618396389e-232	sample_host	0.556280255317688	0.6138574699707569	False
192	0.4222361743450165	0.42961809039115906	-0.15586288452893152	3.107860012097093e-16	-0.1438196614875301	5.038030551518859e-14	sample_host	0.42961809039115906	0.15586288452893152	False
193	0.2712065279483795	0.34315916895866394	0.361099204506568	1.9409006872479417e-84	0.43674331427340995	6.550451576411951e-127	sample_host	0.34315916895866394	0.43674331427340995	False
194	0.7905915379524231	0.29126593470573425	-0.30529822130340856	1.089928450708603e-59	-0.3362112044132335	9.212091086482962e-73	sample_host	0.29126593470573425	0.3362112044132335	False
195	0.4639643132686615	0.7198947072029114	0.4967808285246559	2.901537568370094e-169	0.5963620614328615	2.4531217858253624e-261	sample_host	0.7198947072029114	0.5963620614328615	False
196	0.48375964164733887	0.2764814794063568	-0.2701019333233034	1.2803578152826287e-46	-0.3029777792852819	9.063713949289954e-59	sample_host	0.2764814794063568	0.3029777792852819	False
197	0.3887019455432892	0.599240243434906	-0.3681880572191749	5.828304932300323e-88	-0.38657468003116907	1.609132420044416e-97	sample_host	0.599240243434906	0.38657468003116907	False
198	0.4274851679801941	0.9066309332847595	0.39177401986889293	2.455287612775653e-100	0.34982764265671085	5.0986462397676665e-79	sample_host	0.9066309332847595	0.39177401986889293	False
199	0.48287495970726013	0.1715155839920044	-0.3082903443193035	6.89901133193791e-61	-0.29359784552848184	3.8983042858406096e-55	sample_host	0.1715155839920044	0.3082903443193035	False
200	0.6748294830322266	0.6478824019432068	-0.010444481388037214	0.5863856640124578	0.04179324618572278	0.029404941576350367	sample_host	0.6478824019432068	0.04179324618572278	False
201	0.21702679991722107	0.48284369707107544	0.09760155139472196	3.4624685448972225e-07	0.0992743656138916	2.1701658381015233e-07	sample_host	0.48284369707107544	0.0992743656138916	False
202	0.6992366313934326	0.9185048341751099	-0.45633969587073825	8.170586104137458e-140	-0.5178815531963437	2.817564179090686e-186	sample_host	0.9185048341751099	0.5178815531963437	False
203	0.6132796406745911	0.8023276925086975	0.09756789010164547	3.4949002067369317e-07	0.16045276616202228	4.0051308675535115e-17	sample_host	0.8023276925086975	0.16045276616202228	False
204	0.5783665180206299	0.5156149864196777	0.36180021223438874	8.782798610299952e-85	0.2975946973021025	1.1459520450665111e-56	sample_host	0.5156149864196777	0.36180021223438874	False
205	0.5431884527206421	0.7391766905784607	-0.16798754658612328	1.2142411808917333e-18	-0.1761877516918095	2.238770074371747e-20	sample_host	0.7391766905784607	0.1761877516918095	False
206	0.869978666305542	0.660119354724884	0.3311325567508265	1.6541462401276163e-70	0.40551385440906323	4.9990980679530916e-108	sample_host	0.660119354724884	0.40551385440906323	False
207	0.7597212791442871	0.6716918349266052	0.45528158748526903	4.273767795048487e-139	0.49035735764678157	2.5633496762250134e-164	sample_host	0.6716918349266052	0.49035735764678157	False
208	0.19271469116210938	0.2006162703037262	-0.24694560531179358	5.11079569385959e-39	-0.27369193611724363	7.232446292596972e-48	sample_host	0.2006162703037262	0.27369193611724363	False
209	0.5329838991165161	0.802771806716919	-0.08169823348389092	2.0179820410925194e-05	-0.13360510580278412	2.7289069281439368e-12	sample_host	0.802771806716919	0.13360510580278412	False
210	0.6836220622062683	0.8499037623405457	-0.21738289876602246	2.0694510275662054e-30	-0.3172133264107221	1.5151977194637304e-64	sample_host	0.8499037623405457	0.3172133264107221	False
211	0.6382004618644714	0.8111655712127686	0.443695141041323	2.1634598160904668e-131	0.46526529132579236	5.6099566631589385e-146	sample_host	0.8111655712127686	0.46526529132579236	False
212	0.5144887566566467	0.8362383246421814	-0.3335437309100771	1.424518664956369e-71	-0.37660513484136515	2.925990447481997e-92	sample_host	0.8362383246421814	0.37660513484136515	False
213	0.8998996019363403	0.8822197914123535	0.3324460102393329	4.361853470593051e-71	0.3465299564229839	1.7847669585700743e-77	sample_host	0.8822197914123535	0.3465299564229839	False
214	0.7830266356468201	0.3494832515716553	0.559103811553752	3.4126457206223304e-223	0.546237918275847	4.084819273109841e-211	sample_host	0.3494832515716553	0.559103811553752	False
215	0.45050156116485596	0.7218388915061951	-0.18063300483332131	2.3654015445056018e-21	-0.2304629932321149	4.530692524446615e-34	sample_host	0.7218388915061951	0.2304629932321149	False
216	0.9290561676025391	0.8929847478866577	-0.17129549265174454	2.483180961688995e-19	-0.19913003432929582	1.089820385102662e-25	sample_host	0.8929847478866577	0.19913003432929582	False
217	0.17578591406345367	0.10453823208808899	-0.2539698449521281	3.0480335645495196e-41	-0.24570613360746732	1.2409664517534952e-38	sample_host	0.10453823208808899	0.2539698449521281	False
218	0.6095446348190308	0.5475295186042786	-0.09038393873211864	2.3832368296168585e-06	-0.06142826375720131	0.0013605075862275367	sample_host	0.5475295186042786	0.09038393873211864	False
219	0.5247164368629456	0.18667198717594147	-0.238660036499593	1.749600287696636e-36	-0.2504144003188015	4.156481877504898e-40	sample_host	0.18667198717594147	0.2504144003188015	False
220	0.5858871936798096	0.41998544335365295	-0.1498593788105842	4.136025335226249e-15	-0.144546945689669	3.749032437605933e-14	sample_host	0.41998544335365295	0.1498593788105842	False
221	0.23771828413009644	0.45227158069610596	0.5385239889528467	4.021298311771247e-204	0.5595993435715573	1.1408978332439645e-223	sample_host	0.45227158069610596	0.5595993435715573	False
222	0.1955983191728592	0.6548367738723755	0.45261071437851136	2.7123372407586634e-137	0.44699284181888543	1.4882281179373103e-133	sample_host	0.6548367738723755	0.45261071437851136	False
223	0.48809483647346497	0.5206048488616943	-0.248299021130081	1.9289570323078726e-39	-0.24202554205132823	1.6791104820441642e-37	sample_host	0.5206048488616943	0.248299021130081	False
224	0.45720818638801575	0.2123364955186844	0.4213357303722556	2.4104751730789424e-117	0.46704267127550675	3.1594611420129213e-147	sample_host	0.2123364955186844	0.46704267127550675	True
225	0.672967255115509	0.9036058783531189	-0.09632424114847314	4.921457585031273e-07	-0.11425014348564888	2.3581101467153277e-09	sample_host	0.9036058783531189	0.11425014348564888	False
226	0.6950494647026062	0.2083592414855957	-0.5190540746300994	2.944010267887671e-187	-0.5823046179622118	2.3060612569180363e-246	sample_host	0.2083592414855957	0.5823046179622118	True
227	0.5421323776245117	0.8291745781898499	0.5327283724843356	5.4973116696928135e-199	0.5910980792143029	1.2108458792554402e-255	sample_host	0.8291745781898499	0.5910980792143029	False
228	0.4059075117111206	0.8379621505737305	-0.4390549337213975	2.1766842033878589e-128	-0.5068054876033911	3.3818115975570715e-177	sample_host	0.8379621505737305	0.5068054876033911	False
229	0.515765368938446	0.6409300565719604	-0.39612340585612105	9.879171082203452e-103	-0.41908351029876517	5.484500930911694e-116	sample_host	0.6409300565719604	0.41908351029876517	False
230	0.4374679923057556	0.22828440368175507	-0.5292890959998695	5.506781260056253e-196	-0.5085627969430037	1.29102774728158e-178	sample_host	0.22828440368175507	0.5292890959998695	True
231	1.1711350679397583	0.46045616269111633	0.4436508143510387	2.3123515678253045e-131	0.4605356743787868	1.090633316421966e-142	sample_host	0.46045616269111633	0.4605356743787868	False
232	1.0138018131256104	0.5932561755180359	0.4334211528186473	8.337943226211349e-125	0.5341755229281863	2.931715190578444e-200	sample_host	0.5932561755180359	0.5341755229281863	False
233	0.6577787399291992	0.34188660979270935	0.45224049291164253	4.807667941253968e-137	0.5158437015899187	1.398395616161381e-184	sample_host	0.34188660979270935	0.5158437015899187	False
234	0.28903746604919434	0.7328726053237915	-0.2874462841809354	7.955908739690981e-53	-0.2650593261179259	6.737375861446245e-45	sample_host	0.7328726053237915	0.2874462841809354	False
235	0.9311639070510864	0.8805755376815796	0.4911841592217831	5.998803200101249e-165	0.5669421208541967	8.145659409742936e-231	sample_host	0.8805755376815796	0.5669421208541967	False
236	0.36366909742355347	0.9205054044723511	0.6002135269598393	1.4344727726131073e-265	0.6088085926967979	3.155530289091917e-275	sample_host	0.9205054044723511	0.6088085926967979	False
237	0.7874265909194946	0.8368335366249084	0.18260515403593186	8.56465655709555e-22	0.17852467922944557	6.918685331807922e-21	sample_host	0.8368335366249084	0.18260515403593186	False
238	0.6432897448539734	0.87220299243927	-0.2280191313141541	2.2787277938286697e-33	-0.2680728334240303	6.373441014194309e-46	sample_host	0.87220299243927	0.2680728334240303	False
239	0.4708825349807739	0.6854705810546875	-0.45677003187604187	4.161856304063771e-140	-0.4877196588746079	2.567347572584393e-162	sample_host	0.6854705810546875	0.4877196588746079	False
240	0.6254992485046387	0.6333529353141785	0.021666822939983663	0.2589886483434443	0.025184337709822726	0.1894890472928277	sample_host	0.6333529353141785	0.025184337709822726	False
241	0.4870540201663971	0.861355721950531	0.4551120886274079	5.567771644074586e-139	0.49656452061297285	4.2747783175415484e-169	sample_host	0.861355721950531	0.49656452061297285	False
242	0.5907592177391052	0.8097315430641174	0.5706717190207802	1.6279719138275647e-234	0.6012309582910197	1.0685799691900164e-266	sample_host	0.8097315430641174	0.6012309582910197	False
243	0.3492669463157654	0.8419919610023499	0.18973760401230652	1.9727702447171388e-23	0.1127675387662785	3.792255264549429e-09	sample_host	0.8419919610023499	0.18973760401230652	False
244	0.8156741857528687	0.8035534024238586	-0.09774633770672828	3.326251284858445e-07	-0.061620872470799094	0.001313733133794257	sample_host	0.8035534024238586	0.09774633770672828	False
245	0.6146721243858337	0.6476242542266846	0.5610894487453547	4.18297620289623e-225	0.6302742879303029	1.0858136410058181e-300	sample_host	0.6476242542266846	0.6302742879303029	False
246	0.4604179263114929	0.5114184021949768	0.6090486464927454	1.679091825708714e-275	0.6507881204583824	0.0	sample_host	0.5114184021949768	0.6507881204583824	False
247	0.5881025791168213	0.6808369755744934	-0.2655112138722425	4.7398333281107447e-45	-0.2964098427532778	3.2793953620710138e-56	sample_host	0.6808369755744934	0.2964098427532778	False
248	0.4605952501296997	0.17166069149971008	-0.30604236441052196	5.503165679606764e-60	-0.35762327371742425	9.612067625102484e-83	sample_host	0.17166069149971008	0.35762327371742425	False
249	0.15662072598934174	0.6823015809059143	0.20584990613842521	2.242669609571255e-27	0.2479678829599156	2.449610890858627e-39	sample_host	0.6823015809059143	0.2479678829599156	False
250	1.0864397287368774	0.5289644002914429	0.46578797275500483	2.4117155292492432e-146	0.535197443152529	3.66793066705461e-201	sample_host	0.5289644002914429	0.535197443152529	False
251	0.47586941719055176	0.9148958921432495	0.10370970963517256	6.061330584034902e-08	0.07513418951343798	8.877861186347743e-05	sample_host	0.9148958921432495	0.10370970963517256	False
252	0.7097145318984985	0.7788525819778442	0.5262643066183951	2.24667749765168e-193	0.6083270968639826	1.1167208995793263e-274	sample_host	0.7788525819778442	0.6083270968639826	False
253	0.8884714245796204	0.17743273079395294	0.604920346929037	8.027594545120982e-271	0.6816253175482861	0.0	sample_host	0.17743273079395294	0.6816253175482861	True
254	0.7979810833930969	0.8112977147102356	0.23423481031544868	3.6082002581021095e-35	0.2283718718176099	1.8069343347939074e-33	sample_host	0.8112977147102356	0.23423481031544868	False
255	0.6530959010124207	0.5466305613517761	0.15366063970542246	8.12910317330538e-16	0.17381443539185087	7.257296150320675e-20	sample_host	0.5466305613517761	0.17381443539185087	False
256	0.8266055583953857	0.7702770829200745	0.34289692656718174	8.537165593158757e-76	0.4462041549788958	4.9207125726151426e-133	sample_host	0.7702770829200745	0.4462041549788958	False
257	0.5274847149848938	0.5057236552238464	-0.14657472405455418	1.631654734837035e-14	-0.11644865721387451	1.1527953399301292e-09	sample_host	0.5057236552238464	0.14657472405455418	False
258	0.3192581236362457	0.48285427689552307	-0.2988368204001022	3.7857125221347883e-57	-0.34220742556821	1.7684129716919295e-75	sample_host	0.48285427689552307	0.34220742556821	False
259	0.6902587413787842	0.6892393827438354	0.3520052451333577	4.759838031817983e-80	0.27538379931050155	1.838802676350385e-48	sample_host	0.6892393827438354	0.3520052451333577	False
260	0.6994327306747437	0.588453471660614	-0.25106950946089285	2.5763305011154125e-40	-0.2538957024608712	3.2200740448114654e-41	sample_host	0.588453471660614	0.2538957024608712	False
261	0.564620316028595	0.3532416522502899	0.037871501848819385	0.048440624309565083	0.1210537565542197	2.465459145058157e-10	sample_host	0.3532416522502899	0.1210537565542197	False
262	0.5635804533958435	0.43248942494392395	-0.028612938294364447	0.13601679460700108	-0.02922102980051256	0.1278874652539635	sample_host	0.43248942494392395	0.02922102980051256	False
263	0.3409740924835205	0.2471991330385208	-0.23676091447996522	6.461534231958068e-36	-0.17285914743205452	1.1596619827685312e-19	sample_host	0.2471991330385208	0.23676091447996522	False
264	0.7868154048919678	0.33362215757369995	-0.3594819157971108	1.2000592411831207e-83	-0.3808178967501805	1.8454697976696167e-94	sample_host	0.33362215757369995	0.3808178967501805	False
265	0.4916144907474518	0.8055811524391174	0.4555583219949856	2.7741274986749037e-139	0.3689708464878784	2.3501281077129845e-88	sample_host	0.8055811524391174	0.4555583219949856	False
266	0.8776012063026428	0.8080872297286987	-0.1793732575713069	4.498869528107121e-21	-0.24640063008982818	7.55358088547158e-39	sample_host	0.8080872297286987	0.24640063008982818	False
267	0.7038723230361938	0.713832437992096	0.5383606568942716	5.629620500143427e-204	0.5794172221265323	2.2310271615191955e-243	sample_host	0.713832437992096	0.5794172221265323	False
268	0.3759085237979889	0.6116095185279846	-0.31437511191652323	2.2793377975662823e-63	-0.30691321040182024	2.4671415102866173e-60	sample_host	0.6116095185279846	0.31437511191652323	False
269	0.3439706265926361	0.4402257204055786	-0.30779221717319655	1.0947250231558247e-60	-0.2677415972329753	8.271602858326469e-46	sample_host	0.4402257204055786	0.30779221717319655	False
270	0.4380718171596527	0.5294194221496582	-0.25934864820612064	5.408416561433502e-43	-0.24844305953471527	1.7383384087642928e-39	sample_host	0.5294194221496582	0.25934864820612064	False
271	0.6886782646179199	0.8663685917854309	-0.3077367542161017	1.1524105513786063e-60	-0.3626452434864074	3.3679074206893677e-85	sample_host	0.8663685917854309	0.3626452434864074	False
272	0.6325458884239197	0.0922904834151268	-0.37451989639208394	3.4939203823447394e-91	-0.4219643927728096	1.0033686766719282e-117	sample_host	0.0922904834151268	0.4219643927728096	True
273	0.7127911448478699	0.8502119779586792	0.07510844610077304	8.92759509356806e-05	0.11195290777105071	4.910782722174623e-09	sample_host	0.8502119779586792	0.11195290777105071	False
274	0.3151409924030304	0.07794276624917984	-0.127081731523536	2.995075490691354e-11	-0.06628129920865557	0.0005472837316843568	sample_host	0.07794276624917984	0.127081731523536	False
275	0.24971964955329895	0.8440792560577393	0.6319860420930455	8.283220493740425e-303	0.6704472048282387	0.0	sample_host	0.8440792560577393	0.6704472048282387	False
276	0.32713767886161804	0.8978517055511475	-0.12277173414359858	1.366026316648618e-10	-0.169682808510694	5.404943317782092e-19	sample_host	0.8978517055511475	0.169682808510694	False
277	0.21366573870182037	0.12353343516588211	-0.08138449312029646	2.1716802104243553e-05	-0.04820212491110151	0.011992324351313163	sample_host	0.12353343516588211	0.08138449312029646	False
278	0.357562392950058	0.8759671449661255	0.3127864440716973	1.0261653697875523e-62	0.34981963793123916	5.143107124142096e-79	sample_host	0.8759671449661255	0.34981963793123916	False
279	0.19031678140163422	0.49357375502586365	0.40059284803844103	3.129390389994639e-105	0.4502156188723682	1.0867764695117612e-135	sample_host	0.49357375502586365	0.4502156188723682	False
280	0.3348644971847534	0.5317758917808533	0.4529673970515952	1.5615389757301423e-137	0.4415221223075949	5.586146072145594e-130	sample_host	0.5317758917808533	0.4529673970515952	False
281	0.5678268074989319	0.730666995048523	-0.22321314792339295	5.169096067043045e-32	-0.22177328720722989	1.2985252385712635e-31	sample_host	0.730666995048523	0.22321314792339295	False
282	0.38652610778808594	0.7764183282852173	0.41715158564058946	7.851445003464198e-115	0.41649265291865495	1.938375912479839e-114	sample_host	0.7764183282852173	0.41715158564058946	False
283	0.7481145858764648	0.4674769341945648	-0.2511365971191614	2.4529843691123483e-40	-0.33121147596045564	1.5271110901245683e-70	sample_host	0.4674769341945648	0.33121147596045564	False
284	0.44354745745658875	0.9136936664581299	-0.37876520468667113	2.1989534445342843e-93	-0.42631062701152234	2.2265613140062284e-120	sample_host	0.9136936664581299	0.42631062701152234	False
285	0.5958980917930603	0.5617409944534302	-0.3892681275498123	5.674136433691128e-99	-0.4433446682587443	3.6607643778463646e-131	sample_host	0.5617409944534302	0.4433446682587443	False
286	0.5347084999084473	0.5296295881271362	0.2966033583932952	2.762885518397079e-56	0.2713222382965397	4.844218275197567e-47	sample_host	0.5296295881271362	0.2966033583932952	False
287	0.4553941488265991	0.7224145531654358	-0.11074031564487002	7.190743967630575e-09	-0.1276304630962236	2.4597125972555436e-11	sample_host	0.7224145531654358	0.1276304630962236	False
288	0.5776286125183105	0.47912144660949707	0.36302172059052906	2.1953169244480294e-85	0.4272613043022821	5.780059775180904e-121	sample_host	0.47912144660949707	0.4272613043022821	False
289	0.5956936478614807	0.43321919441223145	-0.5044987040831468	2.389193665871308e-175	-0.45503397007885643	6.289280983851504e-139	sample_host	0.43321919441223145	0.5044987040831468	False
290	0.37567582726478577	0.7918441295623779	-0.0024738706437958447	0.897462689535415	-0.06677918703552962	0.0004967549841221039	sample_host	0.7918441295623779	0.06677918703552962	False
291	0.36333930492401123	0.7258040904998779	0.49729824013125495	1.147084979776799e-169	0.5318768967432143	3.0639981833570625e-198	sample_host	0.7258040904998779	0.5318768967432143	False
292	1.4145244359970093	0.49171504378318787	0.5028374733775436	5.024721676561576e-174	0.5537705658144018	4.01707955704992e-218	sample_host	0.49171504378318787	0.5537705658144018	False
293	0.45505207777023315	0.18433217704296112	-0.03387462203000669	0.07755057325938805	0.014896895836762063	0.4377246425061596	sample_host	0.18433217704296112	0.03387462203000669	False
294	0.5055961608886719	0.818838894367218	-0.17875329251308023	6.162500856793772e-21	-0.19214769101070492	5.3304359920321744e-24	sample_host	0.818838894367218	0.19214769101070492	False
295	0.5302073955535889	0.1856641322374344	-0.2448335311324175	2.3104540811924346e-38	-0.2451090599352633	1.899236317111281e-38	sample_host	0.1856641322374344	0.2451090599352633	False
296	0.7400645613670349	0.8598536849021912	0.16527468492502503	4.357463378255052e-18	0.21858735798297627	9.740616552537256e-31	sample_host	0.8598536849021912	0.21858735798297627	False
297	0.3228590786457062	0.6815679669380188	0.5416479696995329	6.22572946594848e-207	0.58182867779851	7.195592608683404e-246	sample_host	0.6815679669380188	0.58182867779851	False
298	0.8775092959403992	0.8789539933204651	0.20151216291620053	2.7945612103602065e-26	0.18604624464953062	1.4153400136314862e-22	sample_host	0.8789539933204651	0.20151216291620053	False
299	0.6085792183876038	0.6777970194816589	-0.5310136784363554	1.7399689534545807e-197	-0.5626790021931322	1.2073272644309115e-226	sample_host	0.6777970194816589	0.5626790021931322	False
300	0.5312947630882263	0.5992273092269897	-0.20810496237591855	5.906722191660077e-28	-0.25652440867518383	4.545783558164677e-42	sample_host	0.5992273092269897	0.25652440867518383	False
301	0.36429351568222046	0.35794463753700256	-0.5592091730878076	2.7038526970121956e-223	-0.6299520563585921	2.709498794785499e-300	sample_host	0.35794463753700256	0.6299520563585921	True
302	0.39377376437187195	0.7898318767547607	0.2857512999224946	3.365528303605457e-52	0.25997729770350675	3.3551795886933927e-43	sample_host	0.7898318767547607	0.2857512999224946	False
303	0.31353959441185	0.9453145265579224	-0.019558933861113466	0.308228081254981	-0.08818096028891748	4.1759889129185275e-06	sample_host	0.9453145265579224	0.08818096028891748	False
304	0.6167260408401489	0.45586875081062317	-0.2781766661216872	1.877041231651109e-49	-0.26504908187875814	6.791248987297667e-45	sample_host	0.45586875081062317	0.2781766661216872	False
305	0.21101592481136322	0.2608708441257477	0.48401655466878274	1.5446459969271657e-159	0.5133678025932766	1.550364140192497e-182	sample_host	0.2608708441257477	0.5133678025932766	True
306	0.3437267541885376	0.924702525138855	-0.1986023039223847	1.4698723161194345e-25	-0.24074195104247484	4.122438016948884e-37	sample_host	0.924702525138855	0.24074195104247484	False
307	0.44974222779273987	0.8455258011817932	0.2102274014126225	1.6588452804712575e-28	0.21631503942612124	4.0213180605990336e-30	sample_host	0.8455258011817932	0.21631503942612124	False
308	0.5821654796600342	0.2705257534980774	-0.13365399395115765	2.679141435439981e-12	-0.15443272706774738	5.812093199369974e-16	sample_host	0.2705257534980774	0.15443272706774738	False
309	0.5898787975311279	0.4226159453392029	-0.3513401197406757	9.840502788344188e-80	-0.3391657297590408	4.297768536830941e-74	sample_host	0.4226159453392029	0.3513401197406757	False
310	0.4316670298576355	0.14906151592731476	0.22456434832257016	2.164924248855569e-32	0.19970348354074946	7.866077998073536e-26	sample_host	0.14906151592731476	0.22456434832257016	False
311	0.25491827726364136	0.8118689656257629	0.4615716338419077	2.097752644417036e-143	0.5398638963450594	2.5274195014685e-205	sample_host	0.8118689656257629	0.5398638963450594	False
312	0.34157368540763855	0.17834961414337158	0.26071333982307127	1.9152041728459623e-43	0.30063898447464715	7.516485685519113e-58	sample_host	0.17834961414337158	0.30063898447464715	False
313	0.6852554082870483	0.6259089112281799	-0.3010714613082737	5.090633973191749e-58	-0.3413548516786689	4.3405659952775464e-75	sample_host	0.6259089112281799	0.3413548516786689	False
314	0.37788209319114685	0.7879540920257568	0.5149532547179306	7.638040119560412e-184	0.5870105239147108	2.7048671320377567e-251	sample_host	0.7879540920257568	0.5870105239147108	False
315	0.39354708790779114	0.11571572721004486	0.008789509496810472	0.6470490562418901	0.03821611554830924	0.04643107369234761	sample_host	0.11571572721004486	0.03821611554830924	False
316	0.4904659390449524	0.2909296452999115	-0.1868883682251995	9.06120738154918e-23	-0.11970547219845695	3.896370764329188e-10	sample_host	0.2909296452999115	0.1868883682251995	False
317	0.8944064378738403	0.40757760405540466	0.4462702820095679	4.451796388352931e-133	0.506756957102151	3.699965023385166e-177	sample_host	0.40757760405540466	0.506756957102151	False
318	1.2641712427139282	0.6067577004432678	0.5703408356509023	3.481455152994857e-234	0.6532012080898792	0.0	sample_host	0.6067577004432678	0.6532012080898792	False
319	0.5693723559379578	0.919237494468689	0.4799542802562587	1.5799946839116932e-156	0.5226818240731916	2.5673607875848905e-190	sample_host	0.919237494468689	0.5226818240731916	False
320	1.2397788763046265	0.8342507481575012	-0.1413213615005689	1.3745280678383322e-13	-0.1278495488181125	2.273192955259535e-11	sample_host	0.8342507481575012	0.1413213615005689	False
321	0.8571423292160034	0.9078110456466675	-0.1528362906369642	1.1608978468339253e-15	-0.18571423887263674	1.686412926126613e-22	sample_host	0.9078110456466675	0.18571423887263674	False
322	0.5157755613327026	0.9415947198867798	0.20430623053730446	5.539870692403731e-27	0.1349483227860488	1.6417746322219308e-12	sample_host	0.9415947198867798	0.20430623053730446	False
323	0.28625962138175964	0.6288158297538757	-0.39179394474923296	2.394478591372e-100	-0.46173385914550424	1.6196479687300873e-143	sample_host	0.6288158297538757	0.46173385914550424	False
324	0.38311219215393066	0.7468770146369934	-0.2985526786061964	4.8796976123148426e-57	-0.2960547254816163	4.489841344544003e-56	sample_host	0.7468770146369934	0.2985526786061964	False
325	0.5716149806976318	0.5521671772003174	0.13107148351457976	7.018349620614961e-12	0.17508987583460936	3.865280698602439e-20	sample_host	0.5521671772003174	0.17508987583460936	False
326	0.819405734539032	0.8150790929794312	0.1420474260768121	1.0286474073660669e-13	0.15886273155769595	8.201098230445028e-17	sample_host	0.8150790929794312	0.15886273155769595	False
327	0.3484514057636261	0.8602314591407776	0.6095742230455004	4.210741123885515e-276	0.6132008048533493	2.8075937357776137e-280	sample_host	0.8602314591407776	0.6132008048533493	False
328	1.1583268642425537	0.23795254528522491	0.6867661159622548	0.0	0.7293558097159615	0.0	sample_host	0.23795254528522491	0.7293558097159615	True
329	0.5331817269325256	0.8435038924217224	0.21816941958077693	1.2658100043563118e-30	0.10913641150042626	1.1834533560911827e-08	sample_host	0.8435038924217224	0.21816941958077693	False
330	0.8440646529197693	0.9403263330459595	-0.042515416071926736	0.026713173787782308	-0.048662603347535444	0.011199894746450832	sample_host	0.9403263330459595	0.048662603347535444	False
331	1.0131816864013672	0.8509201407432556	0.40450153512310844	1.8969177746829394e-107	0.4720065617340617	9.354598105141234e-151	sample_host	0.8509201407432556	0.4720065617340617	False
332	0.9803794622421265	0.6574114561080933	-0.2658812228059394	3.5521180057505913e-45	-0.371151092876314	1.8478377983877605e-89	sample_host	0.6574114561080933	0.371151092876314	False
333	0.4397833049297333	0.7516419887542725	0.4378032028461597	1.3797734357945781e-127	0.4321022839114253	5.6252158589214305e-124	sample_host	0.7516419887542725	0.4378032028461597	False
334	0.7366929054260254	0.33060672879219055	-0.15112304161920734	2.4193770503596776e-15	-0.1265653702079145	3.602071622117738e-11	sample_host	0.33060672879219055	0.15112304161920734	False
335	0.8795675039291382	0.8310763835906982	0.26156643237607724	9.977302289326581e-44	0.30003167124863017	1.2977419636272033e-57	sample_host	0.8310763835906982	0.30003167124863017	False
336	0.4658299386501312	0.48591306805610657	-0.15556276304456162	3.5458984263052467e-16	-0.16894189679245133	7.706707219647618e-19	sample_host	0.48591306805610657	0.16894189679245133	False
337	0.4777258038520813	0.6990207433700562	0.09169379316691201	1.6968797611851527e-06	0.10248123133623668	8.675961947147315e-08	sample_host	0.6990207433700562	0.10248123133623668	False
338	0.5805843472480774	0.7084823250770569	-0.31519322523034854	1.0465475390634262e-63	-0.39917390262790503	1.9637707959198834e-104	sample_host	0.7084823250770569	0.39917390262790503	False
339	0.7196255326271057	0.8381173610687256	0.23843073679129365	2.0498059069722324e-36	0.1953427348719078	9.154774484612152e-25	sample_host	0.8381173610687256	0.23843073679129365	False
340	0.6894572973251343	0.8882108330726624	-0.027002719053453146	0.15946820992080415	-0.048360543776026194	0.011714269220389473	sample_host	0.8882108330726624	0.048360543776026194	False
341	0.5481010675430298	0.6802266240119934	-0.35947037590512126	1.2157147033933826e-83	-0.3809741168064389	1.5271867430932708e-94	sample_host	0.6802266240119934	0.3809741168064389	False
342	0.45741507411003113	0.5164543390274048	-0.0455217394640706	0.017667448516509136	-0.021082843555915297	0.2720499000922648	sample_host	0.5164543390274048	0.0455217394640706	False
343	0.5670703649520874	0.7944604158401489	-0.10115707903715661	1.2711583545258942e-07	-0.05483245727271218	0.004257260624353849	sample_host	0.7944604158401489	0.10115707903715661	False
344	0.3308040201663971	0.8024558424949646	0.09345589949211806	1.0667000201300208e-06	0.12949567405007723	1.2515381884209987e-11	sample_host	0.8024558424949646	0.12949567405007723	False
345	0.6739563345909119	0.856955885887146	-0.02585909438009335	0.17789707231422502	-0.0439771709772064	0.021909374662575774	sample_host	0.856955885887146	0.0439771709772064	False
346	0.48522043228149414	0.7624207139015198	-0.04905228393563284	0.010565977293987354	-0.09063353719215389	2.234661098022215e-06	sample_host	0.7624207139015198	0.09063353719215389	False
347	0.7695420384407043	0.8351287841796875	-0.25439442069999796	2.2249192179623828e-41	-0.225080112995755	1.550639207947133e-32	sample_host	0.8351287841796875	0.25439442069999796	False
348	0.6748728156089783	0.6058492660522461	-0.26451701423502294	1.026568629222327e-44	-0.40548845075053275	5.1695162332300304e-108	sample_host	0.6058492660522461	0.40548845075053275	False
349	0.3982173800468445	0.40130090713500977	0.15492701582490992	4.684445312099515e-16	0.1944242848587238	1.5239033952120645e-24	sample_host	0.40130090713500977	0.1944242848587238	False
350	0.6174771189689636	0.6420613527297974	-0.16758846187136356	1.4673200590354824e-18	-0.2042675429321223	5.6663276516973534e-27	sample_host	0.6420613527297974	0.2042675429321223	False
351	0.2581578493118286	0.9449999928474426	0.44092952530028695	1.35015182749177e-129	0.4239558524406512	6.170355081827906e-119	sample_host	0.9449999928474426	0.44092952530028695	False
352	0.8451371192932129	0.9060916304588318	0.4312404996852958	1.9493807126581246e-123	0.4505300019480838	6.706345256023918e-136	sample_host	0.9060916304588318	0.4505300019480838	False
353	0.7229077816009521	0.7489389777183533	-0.2886921872152897	2.7384940457077346e-53	-0.25181045074011327	1.49736111842482e-40	sample_host	0.7489389777183533	0.2886921872152897	False
354	0.9945754408836365	0.19016674160957336	0.502687278366766	6.612323537235149e-174	0.5708231777516893	1.149251186048966e-234	sample_host	0.19016674160957336	0.5708231777516893	True
355	0.4722471237182617	0.8343585133552551	0.35126672718862234	1.0660459007551306e-79	0.334504629900503	5.328503333256932e-72	sample_host	0.8343585133552551	0.35126672718862234	False
356	0.5351153016090393	0.6731954216957092	-0.26295545019117356	3.432803142470909e-44	-0.29847797475099236	5.21623166704476e-57	sample_host	0.6731954216957092	0.29847797475099236	False
357	0.3368145823478699	0.8781125545501709	0.14314882546858942	6.607874875353548e-14	0.18384907972490258	4.485861561334897e-22	sample_host	0.8781125545501709	0.18384907972490258	False
358	0.2175186574459076	0.7568355202674866	0.025527515389471702	0.1835257418707207	-0.037588876184163046	0.05014273227444238	sample_host	0.7568355202674866	0.037588876184163046	False
359	0.4069199562072754	0.8339917063713074	-0.1279503589184794	2.192087142427573e-11	-0.13413796265320233	2.2320835307189126e-12	sample_host	0.8339917063713074	0.13413796265320233	False
360	0.5595822334289551	0.7445281147956848	0.37015102125659727	5.9473160925255234e-89	0.3496277982429648	6.332283291479986e-79	sample_host	0.7445281147956848	0.37015102125659727	False
361	0.5514863729476929	0.6375201344490051	0.10277647496178899	7.962488321273734e-08	0.11719479877273771	9.014670846203153e-10	sample_host	0.6375201344490051	0.11719479877273771	False
362	0.4749480187892914	0.7389464974403381	0.4247419253620177	2.0416977465611756e-119	0.4945320141547619	1.6079929567541344e-167	sample_host	0.7389464974403381	0.4945320141547619	False
363	0.49470803141593933	0.83448326587677	0.33953743814101234	2.915697144828324e-74	0.3278476133478828	4.508098449968827e-69	sample_host	0.83448326587677	0.33953743814101234	False
364	0.5962003469467163	0.9085235595703125	-0.0390229992420828	0.04199880560582026	-0.03874653538657879	0.04347534324667927	sample_host	0.9085235595703125	0.0390229992420828	False
365	0.3406061828136444	0.7543914914131165	0.35240902869568697	3.0600787941494033e-80	0.40382636252855303	4.6047384671727273e-107	sample_host	0.7543914914131165	0.40382636252855303	False
366	0.6169466376304626	0.862362265586853	-0.18772109987676905	5.817898838850135e-23	-0.23818353276600696	2.4309422411965224e-36	sample_host	0.862362265586853	0.23818353276600696	False
367	0.9590442180633545	0.586139440536499	-0.19001148370684334	1.70167035366452e-23	-0.14742864134081476	1.1454107910381468e-14	sample_host	0.586139440536499	0.19001148370684334	False
368	0.7272284030914307	0.3734879791736603	0.4219501334686761	1.0235362795550365e-117	0.49261160660194864	4.841914209724479e-166	sample_host	0.3734879791736603	0.49261160660194864	False
369	1.0360485315322876	0.5421649217605591	0.4557864025735532	1.942268275379165e-139	0.48542794180531845	1.3600432210191308e-160	sample_host	0.5421649217605591	0.48542794180531845	False
370	0.3455629050731659	0.8454906344413757	-0.42487916657555247	1.6826785294193214e-119	-0.48929602928131827	1.6440992472403197e-163	sample_host	0.8454906344413757	0.48929602928131827	False
371	0.3060062527656555	0.6538744568824768	0.1392892784904471	3.069238534915545e-13	0.19605874492365918	6.142571604149389e-25	sample_host	0.6538744568824768	0.19605874492365918	False
372	0.6370229125022888	0.5310875177383423	0.5118131954434753	2.922472510278878e-181	0.548266196816271	5.51987950304846e-213	sample_host	0.5310875177383423	0.548266196816271	False
373	0.6577036380767822	0.7526199221611023	-0.2673284070747433	1.1444386694863004e-45	-0.3512827757674708	1.047553253657025e-79	sample_host	0.7526199221611023	0.3512827757674708	False
374	0.9077502489089966	0.6499099135398865	0.3766010482426019	2.9402983877659536e-92	0.3764049058872819	3.7156621299586865e-92	sample_host	0.6499099135398865	0.3766010482426019	False
375	0.4966672360897064	0.8756189346313477	0.46742147622845215	1.7076092904551424e-147	0.4455527713771022	1.318069527180843e-132	sample_host	0.8756189346313477	0.46742147622845215	False
376	0.34788551926612854	0.9281147122383118	0.39595910051710903	1.2186140660306864e-102	0.4431112796597473	5.194402588048202e-131	sample_host	0.9281147122383118	0.4431112796597473	False
377	0.37518149614334106	0.6425018310546875	-0.2097032917219857	2.2728020888691685e-28	-0.20239687361938663	1.6783945137925907e-26	sample_host	0.6425018310546875	0.2097032917219857	False
378	0.5564439296722412	0.7050718069076538	0.47705135440312973	2.112187099546297e-154	0.536400424547593	3.14628544301678e-202	sample_host	0.7050718069076538	0.536400424547593	False
379	0.8583037257194519	0.37100040912628174	0.38873891577337144	1.097492585686432e-98	0.44824709367163784	2.207514072532588e-134	sample_host	0.37100040912628174	0.44824709367163784	False
380	0.13550761342048645	0.3021351099014282	-0.036233644834731286	0.05901569339255343	-0.03265295190230554	0.08887028712242102	sample_host	0.3021351099014282	0.036233644834731286	False
381	0.972602367401123	0.8143224716186523	0.04812028163945601	0.012138253130088256	-0.016512174922349864	0.3896794965750139	sample_host	0.8143224716186523	0.04812028163945601	False
382	0.7058783173561096	0.5512201189994812	0.2672277513927098	1.2385226592922723e-45	0.2808538344440744	2.0539312541711465e-50	sample_host	0.5512201189994812	0.2808538344440744	False
383	0.434932142496109	0.48985716700553894	0.22818669356308982	2.041053771124291e-33	0.22159961808257514	1.4504748975190862e-31	sample_host	0.48985716700553894	0.22818669356308982	False
