archive_accession	Run_accession	sample_type	status	sample_name	project_name	publication_year	geo_loc_name	material	sample_host	community_type	total_runs_for_sample	available_runs_for_sample	unavailable_runs_for_sample	unitig_size_gb	Assay Type	BioProject	BioSample	Center Name	Consent	DATASTORE filetype	DATASTORE provider	DATASTORE region	Experiment	Instrument	LibraryLayout	LibrarySelection	LibrarySource	Organism	Platform	ReleaseDate	SRA Study	Type	Isolation source	Avg_read_len	Avg_num_reads	seqstats_contigs_n50	seqstats_contigs_nbseq	seqstats_contigs_maxlen	seqstats_contigs_sumlen	seqstats_unitigs_n50	seqstats_unitigs_maxlen	seqstats_unitigs_sumlen	size_contigs_after_compression	size_contigs_before_compression	size_unitigs_before_compression	size_unitigs_after_compression	sample_title	scientific_name	library_strategy	library_source	isolation_source
	ERR1474585	modern_metagenome	available_unitigs					Oral	Homo sapiens	oral				0.3672069245949387	WGS	PRJEB14383	SAMEA4031773	UCL	public	fastq,sra	ena,gs,ncbi,s3	ena,gs.US,ncbi.public,s3.us-east-1	ERX1545722	Illumina HiSeq 2500	PAIRED	RANDOM PCR	METAGENOMIC	metagenome	ILLUMINA	2017-11-16T00:00:00Z	ERP016024	mMetagenome	Saliva	57.47	38323142.0	266.0	965568.0	41637.0	160632204.0	61.0	4109.0	665962482.0	64479753.0	220369828.0	1361069313.0	377518532.0	Cag09	metagenome	WGS	METAGENOMIC	
	ERR1474586	modern_metagenome	available_unitigs					Oral	Homo sapiens	oral				0.3463781177997589	WGS	PRJEB14383	SAMEA4031774	UCL	public	fastq,sra	ena,gs,ncbi,s3	ena,gs.US,ncbi.public,s3.us-east-1	ERX1545723	Illumina HiSeq 2500	PAIRED	RANDOM PCR	METAGENOMIC	metagenome	ILLUMINA	2017-11-16T00:00:00Z	ERP016024	mMetagenome	Saliva	56.17	40616282.0	278.0	953827.0	45027.0	152886138.0	59.0	4154.0	620320143.0	62165042.0	212862402.0	1286291528.0	355869520.0	Cag32	metagenome	WGS	METAGENOMIC	
	ERR2004605	modern_metagenome	available_unitigs					soil	Not applicable - env sample	Not applicable - env sample				0.7429572874680161	WGS	PRJEB21269	SAMEA104120062	APPRECIATE THE BEAUTY OF LIFE, INC.	public	fastq,sra	ena,gs,ncbi,s3	ena,gs.US,ncbi.public,s3.us-east-1	ERX2064370	NextSeq 500	PAIRED	size fractionation	METAGENOMIC	soil metagenome	ILLUMINA	2019-01-02T00:00:00Z	ERP023502	mMetagenome	Not applicable	77.51	23174396.0	203.0	2309174.0	23306.0	407391493.0	107.0	1958.0	1903576123.0	138277672.0	518108241.0	3049912758.0	760603431.0	Arch-B3-DNA	soil metagenome	WGS	METAGENOMIC	
	ERR2004609	modern_metagenome	available_unitigs					soil	Not applicable - env sample	Not applicable - env sample				0.8012965032830834	WGS	PRJEB21269	SAMEA104120066	APPRECIATE THE BEAUTY OF LIFE, INC.	public	fastq,sra	ena,gs,ncbi,s3	ena,gs.US,ncbi.public,s3.us-east-1	ERX2064374	NextSeq 500	PAIRED	size fractionation	METAGENOMIC	soil metagenome	ILLUMINA	2019-01-02T00:00:00Z	ERP023502	mMetagenome	Not applicable	72.87	22870912.0	179.0	1866485.0	19528.0	284611027.0	96.0	1436.0	2039976101.0	99134731.0	373049731.0	3311499837.0	828606446.0	Arch-D1-DNA	soil metagenome	WGS	METAGENOMIC	
	ERR2004615	modern_metagenome	available_unitigs					soil	Not applicable - env sample	Not applicable - env sample				0.8489834684878588	WGS	PRJEB21269	SAMEA104120072	APPRECIATE THE BEAUTY OF LIFE, INC.	public	fastq,sra	ena,gs,ncbi,s3	ena,gs.US,ncbi.public,s3.us-east-1	ERX2064380	NextSeq 500	PAIRED	size fractionation	METAGENOMIC	soil metagenome	ILLUMINA	2019-01-02T00:00:00Z	ERP023502	mMetagenome	Not applicable	72.67	23362989.0	190.0	1991308.0	4491.0	337809826.0	96.0	1319.0	2100445856.0	116794255.0	430391820.0	3478978488.0	866323728.0	Arch-F1-DNA	soil metagenome	WGS	METAGENOMIC	
	ERR3307045	modern_metagenome	available_unitigs					Oral	Homo sapiens	oral				0.8229033034294844	WGS	PRJEB31185	SAMEA5591548	MPI SCIENCE OF HUMAN HIST	public	fastq,sra	ena,gs,ncbi,s3	ena,gs.US,ncbi.public,s3.us-east-1	ERX3333070	NextSeq 500	PAIRED	RANDOM	GENOMIC	metagenome	ILLUMINA	2019-05-05T00:00:00Z	ERP113706	mMetagenome	Not declared	38.52	70322031.0	149.0	1821660.0	6889.0	146692335.0	35.0	1382.0	1327055943.0	72501688.0	261481331.0	3594629361.0	843317470.0	JAE006_humfilt	metagenome	WGS	GENOMIC	
	ERR3307046	modern_metagenome	available_unitigs					Oral	Homo sapiens	oral				0.5799315059557557	WGS	PRJEB31185	SAMEA5591549	MPI SCIENCE OF HUMAN HIST	public	fastq,sra	ena,gs,ncbi,s3	ena,gs.US,ncbi.public,s3.us-east-1	ERX3333071	NextSeq 500	PAIRED	RANDOM	GENOMIC	metagenome	ILLUMINA	2019-05-05T00:00:00Z	ERP113706	mMetagenome	Not declared	39.18	53927712.0	242.0	790544.0	11169.0	95943908.0	36.0	1486.0	953570980.0	41031670.0	143896766.0	2530734007.0	593351757.0	JAE007_humfilt	metagenome	WGS	GENOMIC	
	ERR3307047	modern_metagenome	available_unitigs					Oral	Homo sapiens	oral				0.4321575667709112	WGS	PRJEB31185	SAMEA5591550	MPI SCIENCE OF HUMAN HIST	public	fastq,sra	ena,gs,ncbi,s3	ena,gs.US,ncbi.public,s3.us-east-1	ERX3333072	NextSeq 500	PAIRED	RANDOM	GENOMIC	metagenome	ILLUMINA	2019-05-05T00:00:00Z	ERP113706	mMetagenome	Not declared	44.54	51309213.0		0.0		0.0	43.0	1470.0	1247671612.0			1807015303.0	514509839.0	JAE008_humfilt	metagenome	WGS	GENOMIC	
	ERR3307048	modern_metagenome	available_unitigs					Oral	Homo sapiens	oral				0.8014472834765911	WGS	PRJEB31185	SAMEA5591551	MPI SCIENCE OF HUMAN HIST	public	fastq,sra	ena,gs,ncbi,s3	ena,gs.US,ncbi.public,s3.us-east-1	ERX3333073	NextSeq 500	PAIRED	RANDOM	GENOMIC	metagenome	ILLUMINA	2019-05-05T00:00:00Z	ERP113706	mMetagenome	Not declared	43.64	52819590.0	295.0	1091488.0	13008.0	170738195.0	42.0	1585.0	1389492045.0	69048940.0	237642997.0	3333439824.0	823843680.0	JAE009_humfilt	metagenome	WGS	GENOMIC	
	ERR3307049	modern_metagenome	available_unitigs					Oral	Homo sapiens	oral				0.9713796805590392	WGS	PRJEB31185	SAMEA5591552	MPI SCIENCE OF HUMAN HIST	public	fastq,sra	ena,gs,ncbi,s3	ena,gs.US,ncbi.public,s3.us-east-1	ERX3333074	NextSeq 500	PAIRED	RANDOM	GENOMIC	metagenome	ILLUMINA	2019-05-05T00:00:00Z	ERP113706	mMetagenome	Not declared	40.99	49865920.0	245.0	1027586.0	15536.0	133863954.0	39.0	1393.0	1608380256.0	56995389.0	196792068.0	4048797994.0	998155978.0	JAE010_humfilt	metagenome	WGS	GENOMIC	
	ERR3307050	modern_metagenome	available_unitigs					Oral	Homo sapiens	oral				0.4636718388646841	WGS	PRJEB31185	SAMEA5591553	MPI SCIENCE OF HUMAN HIST	public	fastq,sra	ena,gs,ncbi,s3	ena,gs.US,ncbi.public,s3.us-east-1	ERX3333075	NextSeq 500	PAIRED	RANDOM	GENOMIC	metagenome	ILLUMINA	2019-05-05T00:00:00Z	ERP113706	mMetagenome	Not declared	43.47	47839599.0	554.0	393186.0	41859.0	116687239.0	40.0	1820.0	813945552.0	40396255.0	138773456.0	1970661251.0	475306440.0	JAE012_humfilt	metagenome	WGS	GENOMIC	
	ERR3307051	modern_metagenome	available_unitigs					Oral	Homo sapiens	oral				0.4067344442009926	WGS	PRJEB31185	SAMEA5591554	MPI SCIENCE OF HUMAN HIST	public	fastq,sra	ena,gs,ncbi,s3	ena,gs.US,ncbi.public,s3.us-east-1	ERX3333076	NextSeq 500	PAIRED	RANDOM	GENOMIC	metagenome	ILLUMINA	2019-05-05T00:00:00Z	ERP113706	mMetagenome	Not declared	0.0	31295281.0												JAE013_humfilt	metagenome	WGS	GENOMIC	
	ERR3307052	modern_metagenome	available_unitigs					Oral	Homo sapiens	oral				0.795894312672317	WGS	PRJEB31185	SAMEA5591555	MPI SCIENCE OF HUMAN HIST	public	fastq,sra	ena,gs,ncbi,s3	ena,gs.US,ncbi.public,s3.us-east-1	ERX3333077	NextSeq 500	PAIRED	RANDOM	GENOMIC	metagenome	ILLUMINA	2019-05-05T00:00:00Z	ERP113706	mMetagenome	Not declared	44.47	53238754.0	214.0	1689142.0	10482.0	196701007.0	43.0	1449.0	1383754953.0	85351260.0	300641802.0	3257776544.0	818427163.0	JAE014_humfilt	metagenome	WGS	GENOMIC	
	ERR3307053	modern_metagenome	available_unitigs					Oral	Homo sapiens	oral				0.5987739954143763	WGS	PRJEB31185	SAMEA5591556	MPI SCIENCE OF HUMAN HIST	public	fastq,sra	ena,gs,ncbi,s3	ena,gs.US,ncbi.public,s3.us-east-1	ERX3333078	NextSeq 500	PAIRED	RANDOM	GENOMIC	metagenome	ILLUMINA	2019-05-05T00:00:00Z	ERP113706	mMetagenome	Not declared	44.07	45398636.0	304.0	926516.0	12476.0	143400674.0	42.0	1580.0	1045670893.0	57529681.0	198642397.0	2494639288.0	615076092.0	JAE015_humfilt	metagenome	WGS	GENOMIC	
	ERR3307054	modern_metagenome	available_unitigs					Oral	Homo sapiens	oral				0.5249224193394184	WGS	PRJEB31185	SAMEA5591557	MPI SCIENCE OF HUMAN HIST	public	fastq,sra	ena,gs,ncbi,s3	ena,gs.US,ncbi.public,s3.us-east-1	ERX3333079	NextSeq 500	PAIRED	RANDOM	GENOMIC	metagenome	ILLUMINA	2019-05-05T00:00:00Z	ERP113706	mMetagenome	Not declared	0.0	73800335.0												JAE016_humfilt	metagenome	WGS	GENOMIC	
	ERR3579819	modern_metagenome	available_unitigs					Oral	Homo sapiens	oral				0.7364382585510612	WGS	PRJEB34569	SAMEA5971642	MPI SCIENCE OF HUMAN HIST	public	sra,fastq	gs,ncbi,s3	ncbi.public,gs.US,s3.us-east-1	ERX3577118	NextSeq 500	PAIRED	RANDOM	METAGENOMIC	Homo sapiens	ILLUMINA	2021-04-28T00:00:00Z	ERP117493	mMetagenome	Calculus	51.61	34014564.0	326.0	1293951.0	13902.0	242666036.0	54.0	1416.0	1204117317.0	92600613.0	318388620.0	2754075509.0	757961832.0	Dental calculus from Modern Human tooth	Homo sapiens	WGS	METAGENOMIC	modern day dental calculus
	ERR3579820	modern_metagenome	available_unitigs					Oral	Homo sapiens	oral				0.6098293270915747	WGS	PRJEB34569	SAMEA5971643	MPI SCIENCE OF HUMAN HIST	public	fastq,sra	gs,ncbi,s3	ncbi.public,s3.us-east-1,gs.US	ERX3577119	NextSeq 500	PAIRED	RANDOM	METAGENOMIC	Homo sapiens	ILLUMINA	2021-04-28T00:00:00Z	ERP117493	mMetagenome	Calculus	49.13	15841120.0	221.0	768793.0	7853.0	116009114.0	51.0	701.0	1011036810.0	46557967.0	160242956.0	2331155500.0	625958388.0	Dental calculus from Modern Human tooth	Homo sapiens	WGS	METAGENOMIC	modern day dental calculus
	ERR3579821	modern_metagenome	available_unitigs					Oral	Homo sapiens	oral				0.3615323510020971	WGS	PRJEB34569	SAMEA5971644	MPI SCIENCE OF HUMAN HIST	public	sra,fastq	s3,gs,ncbi	s3.us-east-1,ncbi.public,gs.US	ERX3577120	NextSeq 500	PAIRED	RANDOM	METAGENOMIC	Homo sapiens	ILLUMINA	2021-04-28T00:00:00Z	ERP117493	mMetagenome	Calculus	46.68	26165856.0	307.0	642977.0	9746.0	119396974.0	48.0	932.0	999431300.0			1427662176.0	430120769.0	Dental calculus from Modern Human tooth	Homo sapiens	WGS	METAGENOMIC	modern day dental calculus
	ERR3579822	modern_metagenome	available_unitigs					Oral	Homo sapiens	oral				0.8039911212399602	WGS	PRJEB34569	SAMEA5971645	MPI SCIENCE OF HUMAN HIST	public	sra,fastq	gs,ncbi,s3	ncbi.public,s3.us-east-1,gs.US	ERX3577121	NextSeq 500	PAIRED	RANDOM	METAGENOMIC	Homo sapiens	ILLUMINA	2021-04-28T00:00:00Z	ERP117493	mMetagenome	Calculus	46.96	43443020.0		0.0		0.0	47.0	1733.0	2217520327.0			3169533358.0	958146527.0	Dental calculus from Modern Human tooth	Homo sapiens	WGS	METAGENOMIC	modern day dental calculus
	ERR3579823	modern_metagenome	available_unitigs					Oral	Homo sapiens	oral				1.6492386655882	WGS	PRJEB34569	SAMEA5971646	MPI SCIENCE OF HUMAN HIST	public	fastq,sra	gs,ncbi,s3	gs.US,ncbi.public,s3.us-east-1	ERX3577122	NextSeq 500	PAIRED	RANDOM	METAGENOMIC	Homo sapiens	ILLUMINA	2021-04-28T00:00:00Z	ERP117493	mMetagenome	Calculus	45.53	44348880.0	188.0	2475923.0	13488.0	269358097.0	45.0	820.0	2540583349.0	121496185.0	427568975.0	6323985854.0	1659144459.0	Dental calculus from Modern Human tooth	Homo sapiens	WGS	METAGENOMIC	modern day dental calculus
	ERR3579824	modern_metagenome	available_unitigs					Oral	Homo sapiens	oral				0.4202542183920741	WGS	PRJEB34569	SAMEA5971647	MPI SCIENCE OF HUMAN HIST	public	fastq,sra	gs,s3,ncbi	ncbi.public,s3.us-east-1,gs.US	ERX3577123	NextSeq 500	PAIRED	RANDOM	METAGENOMIC	Homo sapiens	ILLUMINA	2021-04-28T00:00:00Z	ERP117493	mMetagenome	Calculus	0.0	35364677.0												Dental calculus from Modern Human tooth	Homo sapiens	WGS	METAGENOMIC	modern day dental calculus
	ERR3579825	modern_metagenome	available_unitigs					Oral	Homo sapiens	oral				0.5379987694323063	WGS	PRJEB34569	SAMEA5971648	MPI SCIENCE OF HUMAN HIST	public	sra,fastq	gs,ncbi,s3	ncbi.public,s3.us-east-1,gs.US	ERX3577124	NextSeq 500	PAIRED	RANDOM	METAGENOMIC	Homo sapiens	ILLUMINA	2021-04-28T00:00:00Z	ERP117493	mMetagenome	Calculus	48.28	33357115.0		0.0		0.0	50.0	1542.0	1485163170.0			2104862695.0	638814152.0	Dental calculus from Modern Human tooth	Homo sapiens	WGS	METAGENOMIC	modern day dental calculus
	ERR3579826	modern_metagenome	available_unitigs					Oral	Homo sapiens	oral				0.649537711404264	WGS	PRJEB34569	SAMEA5971649	MPI SCIENCE OF HUMAN HIST	public	fastq,sra	gs,ncbi,s3	ncbi.public,s3.us-east-1,gs.US	ERX3577125	NextSeq 500	PAIRED	RANDOM	METAGENOMIC	Homo sapiens	ILLUMINA	2021-04-28T00:00:00Z	ERP117493	mMetagenome	Calculus	47.84	19131370.0	281.0	562681.0	23873.0	107715279.0	49.0	921.0	1044342888.0	40572432.0	140016821.0	2479003052.0	666229313.0	Dental calculus from Modern Human tooth	Homo sapiens	WGS	METAGENOMIC	modern day dental calculus
	ERR450705	modern_metagenome	available_unitigs					Skin	Homo sapiens	soft tissue				0.0000529456883668	AMPLICON	PRJEB5758	SAMEA2393191	CCME-COLORADO	public	fastq,sra	ena,gs,ncbi,s3	ena,gs.US,ncbi.public,s3.us-east-1	ERX417077		SINGLE	PCR	METAGENOMIC	human skin metagenome	ILLUMINA	2014-06-07T00:00:00Z	ERP005182	mMetagenome	Not applicable	38.92	12457.0	40.0	33.0	88.0	1385.0	36.0	100.0	114432.0	822.0	3148.0	283105.0	50550.0	2H01.ARM	human skin metagenome	AMPLICON	METAGENOMIC	
	ERR450719	modern_metagenome	available_unitigs					Skin	Homo sapiens	soft tissue				0.0001828884705901	AMPLICON	PRJEB5758	SAMEA2393205	CCME-COLORADO	public	fastq,sra	ena,gs,ncbi,s3	ena,gs.US,ncbi.public,s3.us-east-1	ERX417091		SINGLE	PCR	METAGENOMIC	human skin metagenome	ILLUMINA	2014-06-07T00:00:00Z	ERP005182	mMetagenome	Not applicable	37.78	46671.0	52.0	33.0	244.0	1980.0	36.0	244.0	378325.0	1075.0	3652.0	965633.0	172641.0	13F05.ARM	human skin metagenome	AMPLICON	METAGENOMIC	
	ERR450774	modern_metagenome	available_unitigs					Skin	Homo sapiens	soft tissue				0.0001968368887901	AMPLICON	PRJEB5758	SAMEA2393260	CCME-COLORADO	public	fastq,sra	ena,gs,ncbi,s3	ena,gs.US,ncbi.public,s3.us-east-1	ERX417146		SINGLE	PCR	METAGENOMIC	human skin metagenome	ILLUMINA	2014-06-07T00:00:00Z	ERP005182	mMetagenome	Not applicable	39.61	95567.0	377.0	12.0	741.0	4290.0	38.0	617.0	387539.0	1462.0	4640.0	992288.0	182984.0	13C06.ARM	human skin metagenome	AMPLICON	METAGENOMIC	
	ERR450847	modern_metagenome	available_unitigs					Skin	Homo sapiens	soft tissue				0.0000726003199815	AMPLICON	PRJEB5758	SAMEA2393333	CCME-COLORADO	public	fastq,sra	ena,gs,ncbi,s3	ena,gs.US,ncbi.public,s3.us-east-1	ERX417219		SINGLE	PCR	METAGENOMIC	human skin metagenome	ILLUMINA	2014-06-07T00:00:00Z	ERP005182	mMetagenome	Not applicable	37.6	13393.0	33.0	257.0	84.0	9251.0	35.0	137.0	154479.0	4402.0	22660.0	385342.0	68605.0	14C02.ARMPIT	human skin metagenome	AMPLICON	METAGENOMIC	
	ERR450893	modern_metagenome	available_unitigs					Skin	Homo sapiens	soft tissue				0.0000399956479668	AMPLICON	PRJEB5758	SAMEA2393379	CCME-COLORADO	public	fastq,sra	ena,gs,ncbi,s3	ena,gs.US,ncbi.public,s3.us-east-1	ERX417265		SINGLE	PCR	METAGENOMIC	human skin metagenome	ILLUMINA	2014-06-07T00:00:00Z	ERP005182	mMetagenome	Not applicable	39.69	15028.0	48.0	23.0	83.0	1077.0	38.0	106.0	85566.0	698.0	2109.0	208326.0	37741.0	13F10.ARM	human skin metagenome	AMPLICON	METAGENOMIC	
	ERR450898	modern_metagenome	available_unitigs					Skin	Homo sapiens	soft tissue				0.0000709183514118	AMPLICON	PRJEB5758	SAMEA2393384	CCME-COLORADO	public	fastq,sra	ena,gs,ncbi,s3	ena,gs.US,ncbi.public,s3.us-east-1	ERX417270		SINGLE	PCR	METAGENOMIC	human skin metagenome	ILLUMINA	2014-06-07T00:00:00Z	ERP005182	mMetagenome	Not applicable	39.92	91151.0	46.0	211.0	883.0	11341.0	38.0	669.0	152910.0	5110.0	21824.0	390516.0	68293.0	2G04.ARM	human skin metagenome	AMPLICON	METAGENOMIC	
	ERR450906	modern_metagenome	available_unitigs					Skin	Homo sapiens	soft tissue				0.0001143254339694	AMPLICON	PRJEB5758	SAMEA2393392	CCME-COLORADO	public	fastq,sra	ena,gs,ncbi,s3	ena,gs.US,ncbi.public,s3.us-east-1	ERX417278		SINGLE	PCR	METAGENOMIC	human skin metagenome	ILLUMINA	2014-06-07T00:00:00Z	ERP005182	mMetagenome	Not applicable	39.43	48783.0	170.0	3.0	204.0	538.0	38.0	204.0	230604.0	320.0	625.0	585520.0	106334.0	13C02.ARM	human skin metagenome	AMPLICON	METAGENOMIC	
	ERR450946	modern_metagenome	available_unitigs					Skin	Homo sapiens	soft tissue				0.0001086723059415	AMPLICON	PRJEB5758	SAMEA2393432	CCME-COLORADO	public	fastq,sra	ena,gs,ncbi,s3	ena,gs.US,ncbi.public,s3.us-east-1	ERX417318		SINGLE	PCR	METAGENOMIC	human skin metagenome	ILLUMINA	2014-06-07T00:00:00Z	ERP005182	mMetagenome	Not applicable	38.72	33993.0	66.0	11.0	153.0	713.0	36.0	153.0	223827.0	477.0	1238.0	562728.0	101432.0	13B08.ARM	human skin metagenome	AMPLICON	METAGENOMIC	
	ERR450958	modern_metagenome	available_unitigs					Skin	Homo sapiens	soft tissue				0.0000305948778986	AMPLICON	PRJEB5758	SAMEA2393444	CCME-COLORADO	public	fastq,sra	ena,gs,ncbi,s3	ena,gs.US,ncbi.public,s3.us-east-1	ERX417330		SINGLE	PCR	METAGENOMIC	human skin metagenome	ILLUMINA	2014-06-07T00:00:00Z	ERP005182	mMetagenome	Not applicable	38.29	6105.0	37.0	75.0	64.0	2795.0	37.0	100.0	68925.0	1397.0	6682.0	164922.0	29344.0	13F06.ARM	human skin metagenome	AMPLICON	METAGENOMIC	
	ERR451076	modern_metagenome	available_unitigs					Skin	Homo sapiens	soft tissue				0.000115112401545	AMPLICON	PRJEB5758	SAMEA2393562	CCME-COLORADO	public	fastq,sra	ena,gs,ncbi,s3	ena,gs.US,ncbi.public,s3.us-east-1	ERX417448		SINGLE	PCR	METAGENOMIC	human skin metagenome	ILLUMINA	2014-06-07T00:00:00Z	ERP005182	mMetagenome	Not applicable	37.58	24984.0	169.0	1.0	169.0	169.0	35.0	169.0	242702.0	187.0	198.0	615371.0	108509.0	13B09.ARM	human skin metagenome	AMPLICON	METAGENOMIC	
	ERR451083	modern_metagenome	available_unitigs					Skin	Homo sapiens	soft tissue				0.0000732047483325	AMPLICON	PRJEB5758	SAMEA2393569	CCME-COLORADO	public	fastq,sra	ena,gs,ncbi,s3	ena,gs.US,ncbi.public,s3.us-east-1	ERX417455		SINGLE	PCR	METAGENOMIC	human skin metagenome	ILLUMINA	2014-06-07T00:00:00Z	ERP005182	mMetagenome	Not applicable	39.01	20208.0	43.0	18.0	67.0	770.0	37.0	111.0	152908.0	554.0	1693.0	378025.0	68709.0	14B05.ARMPIT	human skin metagenome	AMPLICON	METAGENOMIC	
	ERR451153	modern_metagenome	available_unitigs					Skin	Homo sapiens	soft tissue				0.0001097917556762	AMPLICON	PRJEB5758	SAMEA2393639	CCME-COLORADO	public	fastq,sra	ena,gs,ncbi,s3	ena,gs.US,ncbi.public,s3.us-east-1	ERX417525		SINGLE	PCR	METAGENOMIC	human skin metagenome	ILLUMINA	2014-06-07T00:00:00Z	ERP005182	mMetagenome	Not applicable	39.91	52380.0	197.0	12.0	276.0	1085.0	39.0	276.0	224317.0	591.0	1638.0	571031.0	102963.0	2F04.ARM	human skin metagenome	AMPLICON	METAGENOMIC	
	ERR451187	modern_metagenome	available_unitigs					Skin	Homo sapiens	soft tissue				0.0000602146610617	AMPLICON	PRJEB5758	SAMEA2393673	CCME-COLORADO	public	fastq,sra	ena,gs,ncbi,s3	ena,gs.US,ncbi.public,s3.us-east-1	ERX417559		SINGLE	PCR	METAGENOMIC	human skin metagenome	ILLUMINA	2014-06-07T00:00:00Z	ERP005182	mMetagenome	Not applicable	40.43	24060.0	42.0	37.0	57.0	1510.0	40.0	107.0	126253.0	831.0	3356.0	308820.0	56878.0	14B10.ARMPIT	human skin metagenome	AMPLICON	METAGENOMIC	
	ERR451202	modern_metagenome	available_unitigs					Skin	Homo sapiens	soft tissue				0.0001520346850156	AMPLICON	PRJEB5758	SAMEA2393688	CCME-COLORADO	public	fastq,sra	ena,gs,ncbi,s3	ena,gs.US,ncbi.public,s3.us-east-1	ERX417574		SINGLE	PCR	METAGENOMIC	human skin metagenome	ILLUMINA	2014-06-07T00:00:00Z	ERP005182	mMetagenome	Not applicable	38.86	61956.0	204.0	17.0	285.0	1362.0	37.0	285.0	310013.0	695.0	2186.0	791419.0	142150.0	13G01.ARM	human skin metagenome	AMPLICON	METAGENOMIC	
	ERR451384	modern_metagenome	available_unitigs					Skin	Homo sapiens	soft tissue				1.5459954738616946e-7	AMPLICON	PRJEB5758	SAMEA2393870	CCME-COLORADO	public	fastq,sra	ena,gs,ncbi,s3	ena,gs.US,ncbi.public,s3.us-east-1	ERX417756		SINGLE	PCR	METAGENOMIC	human skin metagenome	ILLUMINA	2014-06-07T00:00:00Z	ERP005182	mMetagenome	Not applicable	53.67	6.0		0.0		0.0	92.0	92.0	161.0			242.0	197.0	2F06.ARM	human skin metagenome	AMPLICON	METAGENOMIC	
	ERR451393	modern_metagenome	available_unitigs					Skin	Homo sapiens	soft tissue				0.0001688664779067	AMPLICON	PRJEB5758	SAMEA2393879	CCME-COLORADO	public	fastq,sra	ena,gs,ncbi,s3	ena,gs.US,ncbi.public,s3.us-east-1	ERX417765		SINGLE	PCR	METAGENOMIC	human skin metagenome	ILLUMINA	2014-06-07T00:00:00Z	ERP005182	mMetagenome	Not applicable	39.01	81509.0	255.0	9.0	325.0	2087.0	37.0	325.0	344711.0	810.0	2348.0	885843.0	158811.0	13B01.ARM	human skin metagenome	AMPLICON	METAGENOMIC	
	ERR451424	modern_metagenome	available_unitigs					Skin	Homo sapiens	soft tissue				0.0001252256333827	AMPLICON	PRJEB5758	SAMEA2393910	CCME-COLORADO	public	fastq,sra	ena,gs,ncbi,s3	ena,gs.US,ncbi.public,s3.us-east-1	ERX417796		SINGLE	PCR	METAGENOMIC	human skin metagenome	ILLUMINA	2014-06-07T00:00:00Z	ERP005182	mMetagenome	Not applicable	39.26	54682.0	169.0	5.0	204.0	850.0	38.0	204.0	253259.0	426.0	995.0	645672.0	116857.0	13F12.ARM	human skin metagenome	AMPLICON	METAGENOMIC	
	ERR451456	modern_metagenome	available_unitigs					Skin	Homo sapiens	soft tissue				0.0000847270712256	AMPLICON	PRJEB5758	SAMEA2393942	CCME-COLORADO	public	fastq,sra	ena,gs,ncbi,s3	ena,gs.US,ncbi.public,s3.us-east-1	ERX417828		SINGLE	PCR	METAGENOMIC	human skin metagenome	ILLUMINA	2014-06-07T00:00:00Z	ERP005182	mMetagenome	Not applicable	38.36	23690.0	35.0	215.0	88.0	8097.0	36.0	127.0	181916.0	3829.0	19576.0	462105.0	80084.0	13B06.ARM	human skin metagenome	AMPLICON	METAGENOMIC	
	ERR451468	modern_metagenome	available_unitigs					Skin	Homo sapiens	soft tissue				0.0001317933201789	AMPLICON	PRJEB5758	SAMEA2393954	CCME-COLORADO	public	fastq,sra	ena,gs,ncbi,s3	ena,gs.US,ncbi.public,s3.us-east-1	ERX417840		SINGLE	PCR	METAGENOMIC	human skin metagenome	ILLUMINA	2014-06-07T00:00:00Z	ERP005182	mMetagenome	Not applicable	39.59	59839.0	157.0	12.0	221.0	958.0	38.0	221.0	262500.0	577.0	1516.0	667887.0	122361.0	13F09.ARM	human skin metagenome	AMPLICON	METAGENOMIC	
	ERR451520	modern_metagenome	available_unitigs					Skin	Homo sapiens	soft tissue				0.0001007607206702	AMPLICON	PRJEB5758	SAMEA2394006	CCME-COLORADO	public	fastq,sra	ena,gs,ncbi,s3	ena,gs.US,ncbi.public,s3.us-east-1	ERX417892		SINGLE	PCR	METAGENOMIC	human skin metagenome	ILLUMINA	2014-06-07T00:00:00Z	ERP005182	mMetagenome	Not applicable	36.75	17122.0	48.0	33.0	66.0	1371.0	35.0	146.0	214105.0	819.0	3204.0	547001.0	95599.0	13B07.ARM	human skin metagenome	AMPLICON	METAGENOMIC	
	ERR451536	modern_metagenome	available_unitigs					Skin	Homo sapiens	soft tissue				0.0000694124028086	AMPLICON	PRJEB5758	SAMEA2394022	CCME-COLORADO	public	fastq,sra	ena,gs,ncbi,s3	ena,gs.US,ncbi.public,s3.us-east-1	ERX417908		SINGLE	PCR	METAGENOMIC	human skin metagenome	ILLUMINA	2014-06-07T00:00:00Z	ERP005182	mMetagenome	Not applicable	37.52	10948.0	34.0	219.0	60.0	8047.0	35.0	100.0	152171.0	3882.0	20053.0	380894.0	66302.0	14C03.ARMPIT	human skin metagenome	AMPLICON	METAGENOMIC	
ERS6590040	ERR6016625	modern_metagenome	available_unitigs	SAT16-LS29	Gelabert2021	2021.0	Georgia	sediment	Not applicable - env sample	Not applicable - env sample	7.0	5.0	2.0	0.0000125393271446																				49.35	631.0	189.0	17.0	269.0	3196.0	49.0	245.0	31138.0	1186.0	3713.0	54800.0	13464.0	Soil sequencing form Satsurblia cave sample 29	Homo sapiens environmental sample	WGS	GENOMIC	
ERS6590040	ERR6016626	modern_metagenome	available_unitigs	SAT16-LS29	Gelabert2021	2021.0	Georgia	sediment	Not applicable - env sample	Not applicable - env sample	7.0	5.0	2.0	0.0000219568610191																				41.9	1241.0	187.0	4.0	189.0	704.0	40.0	132.0	51994.0	377.0	824.0	102402.0	23576.0	Soil sequencing form Satsurblia cave sample 29	Homo sapiens environmental sample	WGS	GENOMIC	
ERS6590040	ERR6016627	modern_metagenome	available_unitigs	SAT16-LS29	Gelabert2021	2021.0	Georgia	sediment	Not applicable - env sample	Not applicable - env sample	7.0	5.0	2.0	0.0061376970261335																				42.08	378126.0	51.0	125.0	207.0	6386.0	41.0	112.0	15913262.0	1920.0	12252.0	28400069.0	6590302.0	Soil sequencing form Satsurblia cave sample 29	Homo sapiens environmental sample	WGS	GENOMIC	
ERS6590040	ERR6016628	modern_metagenome	available_unitigs	SAT16-LS29	Gelabert2021	2021.0	Georgia	sediment	Not applicable - env sample	Not applicable - env sample	7.0	5.0	2.0	0.0018415227532386																				45.37	107370.0	51.0	104.0	167.0	5544.0	45.0	119.0	4871279.0	1790.0	10578.0	8379859.0	1977320.0	Soil sequencing form Satsurblia cave sample 29	Homo sapiens environmental sample	WGS	GENOMIC	
	ERR671910	modern_metagenome	available_unitigs					soil	Not applicable - env sample	Not applicable - env sample				1.2348840842023492	WGS	PRJEB7626	SAMEA3113585	BRAEMBL	public	fastq,sra	ena,gs,ncbi,s3	ena,gs.US,ncbi.public,s3.us-east-1	ERX626888	Illumina HiSeq 2500	PAIRED	RANDOM	METAGENOMIC	soil metagenome	ILLUMINA	2015-01-28T00:00:00Z	ERP008551	mMetagenome	Not applicable	57.09	45526749.0	164.0	4398278.0	15176.0	545711158.0	61.0	4075.0	2556687279.0	222872419.0	798470696.0	4888726324.0	1270059973.0	102.100.100/8271	soil metagenome	WGS	METAGENOMIC	
	ERR671911	modern_metagenome	available_unitigs					soil	Not applicable - env sample	Not applicable - env sample				0.8285117484629154	WGS	PRJEB7626	SAMEA3113585	BRAEMBL	public	fastq,sra	ena,gs,ncbi,s3	ena,gs.US,ncbi.public,s3.us-east-1	ERX626889	Illumina HiSeq 2500	PAIRED	RANDOM	METAGENOMIC	soil metagenome	ILLUMINA	2015-01-28T00:00:00Z	ERP008551	mMetagenome	Not applicable	56.93	45609583.0		0.0		0.0	61.0	3116.0	2444696607.0			3296238307.0	986762363.0	102.100.100/8271	soil metagenome	WGS	METAGENOMIC	
	ERR671912	modern_metagenome	available_unitigs					soil	Not applicable - env sample	Not applicable - env sample				0.9243940534070134	WGS	PRJEB7626	SAMEA3113584	BRAEMBL	public	fastq,sra	ena,gs,ncbi,s3	ena,gs.US,ncbi.public,s3.us-east-1	ERX626890	Illumina HiSeq 2500	PAIRED	RANDOM	METAGENOMIC	soil metagenome	ILLUMINA	2015-01-28T00:00:00Z	ERP008551	mMetagenome	Not applicable	58.6	38160510.0	171.0	2954625.0	6050.0	412282160.0	62.0	2040.0	2004669406.0	158640485.0	569923431.0	3684603012.0	952100362.0	102.100.100/8270	soil metagenome	WGS	METAGENOMIC	
	ERR671913	modern_metagenome	available_unitigs					soil	Not applicable - env sample	Not applicable - env sample				0.8791059060022235	WGS	PRJEB7626	SAMEA3113584	BRAEMBL	public	fastq,sra	ena,gs,ncbi,s3	ena,gs.US,ncbi.public,s3.us-east-1	ERX626891	Illumina HiSeq 2500	PAIRED	RANDOM	METAGENOMIC	soil metagenome	ILLUMINA	2015-01-28T00:00:00Z	ERP008551	mMetagenome	Not applicable	58.4	38222533.0	177.0	2485685.0	7883.0	367206734.0	61.0	2181.0	1912149077.0	138818358.0	497275133.0	3508307382.0	905653068.0	102.100.100/8270	soil metagenome	WGS	METAGENOMIC	
	ERR671915	modern_metagenome	available_unitigs					soil	Not applicable - env sample	Not applicable - env sample				0.9181040786206722	WGS	PRJEB7626	SAMEA3113583	BRAEMBL	public	fastq,sra	ena,gs,ncbi,s3	ena,gs.US,ncbi.public,s3.us-east-1	ERX626893	Illumina HiSeq 2500	PAIRED	RANDOM	METAGENOMIC	soil metagenome	ILLUMINA	2015-01-28T00:00:00Z	ERP008551	mMetagenome	Not applicable	55.0	38655244.0	166.0	2436959.0	10082.0	322006430.0	58.0	2445.0	1952593301.0	126654651.0	455632448.0	3715080596.0	944819567.0	102.100.100/8269	soil metagenome	WGS	METAGENOMIC	
	ERR671916	modern_metagenome	available_unitigs					soil	Not applicable - env sample	Not applicable - env sample				1.1478266874328256	WGS	PRJEB7626	SAMEA3113582	BRAEMBL	public	fastq,sra	ena,gs,ncbi,s3	ena,gs.US,ncbi.public,s3.us-east-1	ERX626894	Illumina HiSeq 2500	PAIRED	RANDOM	METAGENOMIC	soil metagenome	ILLUMINA	2015-01-28T00:00:00Z	ERP008551	mMetagenome	Not applicable	50.62	44283033.0	151.0	3122074.0	5200.0	325436206.0	50.0	2894.0	2337441662.0	141604757.0	514660854.0	4702041051.0	1179153212.0	102.100.100/8268	soil metagenome	WGS	METAGENOMIC	
	ERR671917	modern_metagenome	available_unitigs					soil	Not applicable - env sample	Not applicable - env sample				1.0892260037362576	WGS	PRJEB7626	SAMEA3113582	BRAEMBL	public	fastq,sra	ena,gs,ncbi,s3	ena,gs.US,ncbi.public,s3.us-east-1	ERX626895	Illumina HiSeq 2500	PAIRED	RANDOM	METAGENOMIC	soil metagenome	ILLUMINA	2015-01-28T00:00:00Z	ERP008551	mMetagenome	Not applicable	50.49	44330269.0	151.0	3349766.0	4958.0	316457663.0	50.0	2736.0	2223380822.0	142858551.0	521704312.0	4464690611.0	1119088900.0	102.100.100/8268	soil metagenome	WGS	METAGENOMIC	
	ERR671918	modern_metagenome	available_unitigs					soil	Not applicable - env sample	Not applicable - env sample				0.999326478689909	WGS	PRJEB7626	SAMEA3113581	BRAEMBL	public	fastq,sra	ena,gs,ncbi,s3	ena,gs.US,ncbi.public,s3.us-east-1	ERX626896	Illumina HiSeq 2500	PAIRED	RANDOM	METAGENOMIC	soil metagenome	ILLUMINA	2015-01-28T00:00:00Z	ERP008551	mMetagenome	Not applicable	57.41	44110977.0	174.0	2993976.0	20549.0	430655102.0	61.0	2881.0	2147002702.0	164656578.0	590018984.0	4002928753.0	1029057952.0	102.100.100/8263	soil metagenome	WGS	METAGENOMIC	
	ERR671919	modern_metagenome	available_unitigs					soil	Not applicable - env sample	Not applicable - env sample				1.006156399846077	WGS	PRJEB7626	SAMEA3113581	BRAEMBL	public	fastq,sra	ena,gs,ncbi,s3	ena,gs.US,ncbi.public,s3.us-east-1	ERX626897	Illumina HiSeq 2500	PAIRED	RANDOM	METAGENOMIC	soil metagenome	ILLUMINA	2015-01-28T00:00:00Z	ERP008551	mMetagenome	Not applicable	57.4	44321273.0	178.0	2814569.0	21808.0	424903832.0	61.0	3617.0	2160510478.0	159993150.0	572430853.0	4029849598.0	1036005277.0	102.100.100/8263	soil metagenome	WGS	METAGENOMIC	
	ERR671920	modern_metagenome	available_unitigs					soil	Not applicable - env sample	Not applicable - env sample				1.0125281307846308	WGS	PRJEB7626	SAMEA3113580	BRAEMBL	public	fastq,sra	ena,gs,ncbi,s3	ena,gs.US,ncbi.public,s3.us-east-1	ERX626898	Illumina HiSeq 2500	PAIRED	RANDOM	METAGENOMIC	soil metagenome	ILLUMINA	2015-01-28T00:00:00Z	ERP008551	mMetagenome	Not applicable	50.15	44192765.0	151.0	2532454.0	14468.0	264997841.0	49.0	1869.0	2059753540.0	115165037.0	415719016.0	4139708799.0	1040803509.0	102.100.100/8262	soil metagenome	WGS	METAGENOMIC	
	ERR671921	modern_metagenome	available_unitigs					soil	Not applicable - env sample	Not applicable - env sample				1.0184926157817245	WGS	PRJEB7626	SAMEA3113580	BRAEMBL	public	fastq,sra	ena,gs,ncbi,s3	ena,gs.US,ncbi.public,s3.us-east-1	ERX626899	Illumina HiSeq 2500	PAIRED	RANDOM	METAGENOMIC	soil metagenome	ILLUMINA	2015-01-28T00:00:00Z	ERP008551	mMetagenome	Not applicable	50.14	44357127.0	151.0	2620909.0	13922.0	269346865.0	49.0	1804.0	2071335987.0	117842345.0	425908677.0	4164487146.0	1046812557.0	102.100.100/8262	soil metagenome	WGS	METAGENOMIC	
	ERR671922	modern_metagenome	available_unitigs					soil	Not applicable - env sample	Not applicable - env sample				1.0091450409963727	WGS	PRJEB7626	SAMEA3113579	BRAEMBL	public	fastq,sra	ena,gs,ncbi,s3	ena,gs.US,ncbi.public,s3.us-east-1	ERX626900	Illumina HiSeq 2500	PAIRED	RANDOM	METAGENOMIC	soil metagenome	ILLUMINA	2015-01-28T00:00:00Z	ERP008551	mMetagenome	Not applicable	60.77	48806409.0	172.0	3202607.0	23330.0	489681859.0	69.0	6605.0	2300161902.0	177559907.0	646256746.0	4099392366.0	1040245637.0	102.100.100/8161	soil metagenome	WGS	METAGENOMIC	
	ERR671923	modern_metagenome	available_unitigs					soil	Not applicable - env sample	Not applicable - env sample				1.023040596395731	WGS	PRJEB7626	SAMEA3113579	BRAEMBL	public	fastq,sra	ena,gs,ncbi,s3	ena,gs.US,ncbi.public,s3.us-east-1	ERX626901	Illumina HiSeq 2500	PAIRED	RANDOM	METAGENOMIC	soil metagenome	ILLUMINA	2015-01-28T00:00:00Z	ERP008551	mMetagenome	Not applicable	60.93	49186754.0	172.0	3241985.0	23360.0	500484751.0	69.0	5837.0	2330788112.0	180956290.0	658221704.0	4152392283.0	1054561327.0	102.100.100/8161	soil metagenome	WGS	METAGENOMIC	
	ERR671924	modern_metagenome	available_unitigs					soil	Not applicable - env sample	Not applicable - env sample				0.7412317441776395	WGS	PRJEB7626	SAMEA3113579	BRAEMBL	public	fastq,sra	ena,gs,ncbi,s3	ena,gs.US,ncbi.public,s3.us-east-1	ERX626902	Illumina HiSeq 2500	PAIRED	RANDOM	METAGENOMIC	soil metagenome	ILLUMINA	2015-01-28T00:00:00Z	ERP008551	mMetagenome	Not applicable	61.19	38618170.0	166.0	2442517.0	20298.0	360886204.0	69.0	5025.0	1720121660.0	131546689.0	478862020.0	3012268583.0	764809705.0	102.100.100/8161	soil metagenome	WGS	METAGENOMIC	
	ERR671925	modern_metagenome	available_unitigs					soil	Not applicable - env sample	Not applicable - env sample				0.745290957391262	WGS	PRJEB7626	SAMEA3113579	BRAEMBL	public	fastq,sra	ena,gs,ncbi,s3	ena,gs.US,ncbi.public,s3.us-east-1	ERX626903	Illumina HiSeq 2500	PAIRED	RANDOM	METAGENOMIC	soil metagenome	ILLUMINA	2015-01-28T00:00:00Z	ERP008551	mMetagenome	Not applicable	61.19	38749707.0	170.0	2234693.0	25054.0	353810589.0	69.0	9913.0	1729375151.0	126322724.0	458293482.0	3029304358.0	768936713.0	102.100.100/8161	soil metagenome	WGS	METAGENOMIC	
	ERR671926	modern_metagenome	available_unitigs					soil	Not applicable - env sample	Not applicable - env sample				0.477112733758986	WGS	PRJEB7626	SAMEA3113578	BRAEMBL	public	fastq,sra	ena,gs,ncbi,s3	ena,gs.US,ncbi.public,s3.us-east-1	ERX626904	Illumina HiSeq 2500	PAIRED	RANDOM	METAGENOMIC	soil metagenome	ILLUMINA	2015-01-28T00:00:00Z	ERP008551	mMetagenome	Not applicable	48.71	41778621.0		0.0		0.0	45.0	3374.0	1406584391.0			1974201338.0	573384606.0	102.100.100/8160	soil metagenome	WGS	METAGENOMIC	
	ERR671927	modern_metagenome	available_unitigs					soil	Not applicable - env sample	Not applicable - env sample				0.6520156087353826	WGS	PRJEB7626	SAMEA3113578	BRAEMBL	public	fastq,sra	ena,gs,ncbi,s3	ena,gs.US,ncbi.public,s3.us-east-1	ERX626905	Illumina HiSeq 2500	PAIRED	RANDOM	METAGENOMIC	soil metagenome	ILLUMINA	2015-01-28T00:00:00Z	ERP008551	mMetagenome	Not applicable	48.7	42007670.0	151.0	1188954.0	25569.0	129975837.0	45.0	3923.0	1419546874.0	51414831.0	192238854.0	2775834473.0	671337739.0	102.100.100/8160	soil metagenome	WGS	METAGENOMIC	
	ERR671929	modern_metagenome	available_unitigs					soil	Not applicable - env sample	Not applicable - env sample				0.8563670357689261	WGS	PRJEB7626	SAMEA3113578	BRAEMBL	public	fastq,sra	ena,gs,ncbi,s3	ena,gs.US,ncbi.public,s3.us-east-1	ERX626907	Illumina HiSeq 2500	PAIRED	RANDOM	METAGENOMIC	soil metagenome	ILLUMINA	2015-01-28T00:00:00Z	ERP008551	mMetagenome	Not applicable	47.59	49922132.0	151.0	1651099.0	3012.0	157340524.0	44.0	1896.0	1832958537.0	65328206.0	251123533.0	3677538421.0	880316072.0	102.100.100/8160	soil metagenome	WGS	METAGENOMIC	
	ERR671930	modern_metagenome	available_unitigs					soil	Not applicable - env sample	Not applicable - env sample				0.9053654009476304	WGS	PRJEB7626	SAMEA3113577	BRAEMBL	public	fastq,sra	ena,gs,ncbi,s3	ena,gs.US,ncbi.public,s3.us-east-1	ERX626908	Illumina HiSeq 2500	PAIRED	RANDOM	METAGENOMIC	soil metagenome	ILLUMINA	2015-01-28T00:00:00Z	ERP008551	mMetagenome	Not applicable	57.86	38146598.0	169.0	2626707.0	17583.0	363677988.0	62.0	4112.0	2016561110.0	136549220.0	499028294.0	3689997222.0	932542135.0	102.100.100/8159	soil metagenome	WGS	METAGENOMIC	
	ERR671931	modern_metagenome	available_unitigs					soil	Not applicable - env sample	Not applicable - env sample				0.9297481887042522	WGS	PRJEB7626	SAMEA3113577	BRAEMBL	public	fastq,sra	ena,gs,ncbi,s3	ena,gs.US,ncbi.public,s3.us-east-1	ERX626909	Illumina HiSeq 2500	PAIRED	RANDOM	METAGENOMIC	soil metagenome	ILLUMINA	2015-01-28T00:00:00Z	ERP008551	mMetagenome	Not applicable	58.04	38467394.0	168.0	2812066.0	18816.0	383989305.0	62.0	4987.0	2067591318.0	144934251.0	529836227.0	3784392592.0	957460751.0	102.100.100/8159	soil metagenome	WGS	METAGENOMIC	
	ERR671932	modern_metagenome	available_unitigs					soil	Not applicable - env sample	Not applicable - env sample				1.0188378831371665	WGS	PRJEB7626	SAMEA3113576	BRAEMBL	public	fastq,sra	ena,gs,ncbi,s3	ena,gs.US,ncbi.public,s3.us-east-1	ERX626910	Illumina HiSeq 2500	PAIRED	RANDOM	METAGENOMIC	soil metagenome	ILLUMINA	2015-01-28T00:00:00Z	ERP008551	mMetagenome	Not applicable	50.67	44657411.0	159.0	2167820.0	21442.0	260520978.0	50.0	11375.0	2147392898.0	104992089.0	382016124.0	4226510573.0	1047983071.0	102.100.100/8158	soil metagenome	WGS	METAGENOMIC	
	ERR671933	modern_metagenome	available_unitigs					soil	Not applicable - env sample	Not applicable - env sample				1.0374880339950323	WGS	PRJEB7626	SAMEA3113576	BRAEMBL	public	fastq,sra	ena,gs,ncbi,s3	ena,gs.US,ncbi.public,s3.us-east-1	ERX626911	Illumina HiSeq 2500	PAIRED	RANDOM	METAGENOMIC	soil metagenome	ILLUMINA	2015-01-28T00:00:00Z	ERP008551	mMetagenome	Not applicable	50.76	44724569.0	151.0	2811258.0	14308.0	293473445.0	50.0	14308.0	2184448552.0	124356475.0	456113454.0	4301143777.0	1067175404.0	102.100.100/8158	soil metagenome	WGS	METAGENOMIC	
	ERR671936	modern_metagenome	available_unitigs					soil	Not applicable - env sample	Not applicable - env sample				1.024043777026236	WGS	PRJEB7626	SAMEA3113575	BRAEMBL	public	fastq,sra	ena,gs,ncbi,s3	ena,gs.US,ncbi.public,s3.us-east-1	ERX626914	Illumina HiSeq 2500	PAIRED	RANDOM	METAGENOMIC	soil metagenome	ILLUMINA	2015-01-28T00:00:00Z	ERP008551	mMetagenome	Not applicable	55.42	45311845.0	162.0	2848275.0	5473.0	361270486.0	59.0	2139.0	2245581994.0	139610310.0	514671859.0	4215274287.0	1053736382.0	102.100.100/8155	soil metagenome	WGS	METAGENOMIC	
	ERR671937	modern_metagenome	available_unitigs					soil	Not applicable - env sample	Not applicable - env sample				1.041956214234233	WGS	PRJEB7626	SAMEA3113575	BRAEMBL	public	fastq,sra	ena,gs,ncbi,s3	ena,gs.US,ncbi.public,s3.us-east-1	ERX626915	Illumina HiSeq 2500	PAIRED	RANDOM	METAGENOMIC	soil metagenome	ILLUMINA	2015-01-28T00:00:00Z	ERP008551	mMetagenome	Not applicable	55.57	45375708.0	160.0	3074842.0	5697.0	380310684.0	59.0	2199.0	2283027255.0	148217175.0	547243887.0	4285655717.0	1072092896.0	102.100.100/8155	soil metagenome	WGS	METAGENOMIC	
	ERR687883	modern_metagenome	available_unitigs					soil	Not applicable - env sample	Not applicable - env sample				0.7627009870484471	WGS	PRJEB7626	SAMEA3113574	BRAEMBL	public	fastq,sra	ena,gs,ncbi,s3	ena,gs.US,ncbi.public,s3.us-east-1	ERX632826	Illumina HiSeq 2500	PAIRED	RANDOM	METAGENOMIC	soil metagenome	ILLUMINA	2015-01-29T00:00:00Z	ERP008551	mMetagenome	Not applicable	49.21	43282474.0		0.0		0.0	47.0	1530.0	1652992674.0			2315065913.0	672645618.0	102.100.100/8154	soil metagenome	WGS	METAGENOMIC	
	ERR687884	modern_metagenome	available_unitigs					soil	Not applicable - env sample	Not applicable - env sample				0.7663271883502603	WGS	PRJEB7626	SAMEA3113574	BRAEMBL	public	fastq,sra	ena,gs,ncbi,s3	ena,gs.US,ncbi.public,s3.us-east-1	ERX632827	Illumina HiSeq 2500	PAIRED	RANDOM	METAGENOMIC	soil metagenome	ILLUMINA	2015-01-29T00:00:00Z	ERP008551	mMetagenome	Not applicable	49.26	43332095.0	151.0	1496651.0	3481.0	159683614.0	47.0	1329.0	1661048194.0	64076541.0	240008895.0	3244861351.0	788967350.0	102.100.100/8154	soil metagenome	WGS	METAGENOMIC	
	ERR687885	modern_metagenome	available_unitigs					soil	Not applicable - env sample	Not applicable - env sample				1.0356284007430077	WGS	PRJEB7626	SAMEA3113576	BRAEMBL	public	fastq,sra	ena,gs,ncbi,s3	ena,gs.US,ncbi.public,s3.us-east-1	ERX632828	Illumina HiSeq 2500	PAIRED	RANDOM	METAGENOMIC	soil metagenome	ILLUMINA	2015-01-29T00:00:00Z	ERP008551	mMetagenome	Not applicable	50.83	43861277.0	157.0	2348876.0	21422.0	280069461.0	50.0	11038.0	2177408153.0	112978480.0	412361352.0	4294344657.0	1065083143.0	102.100.100/8158	soil metagenome	WGS	METAGENOMIC	
	ERR687887	modern_metagenome	available_unitigs					soil	Not applicable - env sample	Not applicable - env sample				0.924558416940272	WGS	PRJEB7626	SAMEA3113577	BRAEMBL	public	fastq,sra	ena,gs,ncbi,s3	ena,gs.US,ncbi.public,s3.us-east-1	ERX632830	Illumina HiSeq 2500	PAIRED	RANDOM	METAGENOMIC	soil metagenome	ILLUMINA	2015-01-29T00:00:00Z	ERP008551	mMetagenome	Not applicable	58.23	37653295.0	166.0	2879229.0	26106.0	392923897.0	62.0	3134.0	2055130365.0	148075477.0	542022561.0	3763006878.0	952048629.0	102.100.100/8159	soil metagenome	WGS	METAGENOMIC	
	ERR687888	modern_metagenome	available_unitigs					soil	Not applicable - env sample	Not applicable - env sample				0.9295652136206628	WGS	PRJEB7626	SAMEA3113577	BRAEMBL	public	fastq,sra	ena,gs,ncbi,s3	ena,gs.US,ncbi.public,s3.us-east-1	ERX632831	Illumina HiSeq 2500	PAIRED	RANDOM	METAGENOMIC	soil metagenome	ILLUMINA	2015-01-29T00:00:00Z	ERP008551	mMetagenome	Not applicable	58.29	37691065.0	165.0	2995505.0	22128.0	401520434.0	63.0	3227.0	2064511537.0	152256480.0	557650399.0	3781247414.0	957170292.0	102.100.100/8159	soil metagenome	WGS	METAGENOMIC	
	ERR687892	modern_metagenome	available_unitigs					soil	Not applicable - env sample	Not applicable - env sample				0.9370233444496988	WGS	PRJEB7626	SAMEA3113581	BRAEMBL	public	fastq,sra	ena,gs,ncbi,s3	ena,gs.US,ncbi.public,s3.us-east-1	ERX632835	Illumina HiSeq 2500	PAIRED	RANDOM	METAGENOMIC	soil metagenome	ILLUMINA	2015-01-29T00:00:00Z	ERP008551	mMetagenome	Not applicable	57.17	41989449.0	176.0	2679624.0	14313.0	394782178.0	61.0	2716.0	2021972209.0	149028113.0	535946495.0	3770434574.0	964730949.0	102.100.100/8263	soil metagenome	WGS	METAGENOMIC	
	ERR687893	modern_metagenome	available_unitigs					soil	Not applicable - env sample	Not applicable - env sample				1.0739015955477953	WGS	PRJEB7626	SAMEA3113582	BRAEMBL	public	fastq,sra	ena,gs,ncbi,s3	ena,gs.US,ncbi.public,s3.us-east-1	ERX632836	Illumina HiSeq 2500	PAIRED	RANDOM	METAGENOMIC	soil metagenome	ILLUMINA	2015-01-29T00:00:00Z	ERP008551	mMetagenome	Not applicable	50.58	42385942.0	151.0	2811791.0	6287.0	296694500.0	50.0	1771.0	2197619125.0	128202296.0	465720778.0	4405423830.0	1103338007.0	102.100.100/8268	soil metagenome	WGS	METAGENOMIC	
	ERR687894	modern_metagenome	available_unitigs					soil	Not applicable - env sample	Not applicable - env sample				1.0719976257532835	WGS	PRJEB7626	SAMEA3113582	BRAEMBL	public	fastq,sra	ena,gs,ncbi,s3	ena,gs.US,ncbi.public,s3.us-east-1	ERX632837	Illumina HiSeq 2500	PAIRED	RANDOM	METAGENOMIC	soil metagenome	ILLUMINA	2015-01-29T00:00:00Z	ERP008551	mMetagenome	Not applicable	50.53	42356104.0	151.0	2691022.0	5487.0	290562058.0	50.0	2912.0	2194193013.0	124406187.0	451644240.0	4398755730.0	1101382274.0	102.100.100/8268	soil metagenome	WGS	METAGENOMIC	
	ERR687895	modern_metagenome	available_unitigs					soil	Not applicable - env sample	Not applicable - env sample				0.9193917270749808	WGS	PRJEB7626	SAMEA3113583	BRAEMBL	public	fastq,sra	ena,gs,ncbi,s3	ena,gs.US,ncbi.public,s3.us-east-1	ERX632838	Illumina HiSeq 2500	PAIRED	RANDOM	METAGENOMIC	soil metagenome	ILLUMINA	2015-01-29T00:00:00Z	ERP008551	mMetagenome	Not applicable	55.08	37262580.0	164.0	2577505.0	7733.0	334480307.0	58.0	3984.0	1955599404.0	132212204.0	476224944.0	3721387674.0	945883962.0	102.100.100/8269	soil metagenome	WGS	METAGENOMIC	
	ERR687896	modern_metagenome	available_unitigs					soil	Not applicable - env sample	Not applicable - env sample				0.9168412843719124	WGS	PRJEB7626	SAMEA3113583	BRAEMBL	public	fastq,sra	ena,gs,ncbi,s3	ena,gs.US,ncbi.public,s3.us-east-1	ERX632839	Illumina HiSeq 2500	PAIRED	RANDOM	METAGENOMIC	soil metagenome	ILLUMINA	2015-01-29T00:00:00Z	ERP008551	mMetagenome	Not applicable	55.02	37249680.0	164.0	2559541.0	6062.0	331974717.0	58.0	2419.0	1951213264.0	131235321.0	472734564.0	3712641663.0	943411365.0	102.100.100/8269	soil metagenome	WGS	METAGENOMIC	
	ERR687897	modern_metagenome	available_unitigs					soil	Not applicable - env sample	Not applicable - env sample				1.25745068769902	WGS	PRJEB7626	SAMEA3113585	BRAEMBL	public	fastq,sra	ena,gs,ncbi,s3	ena,gs.US,ncbi.public,s3.us-east-1	ERX632840	Illumina HiSeq 2500	PAIRED	RANDOM	METAGENOMIC	soil metagenome	ILLUMINA	2015-01-29T00:00:00Z	ERP008551	mMetagenome	Not applicable	57.02	46392079.0	172.0	3823615.0	9513.0	525209140.0	61.0	3510.0	2603705732.0	207189297.0	740134043.0	4979524942.0	1293099690.0	102.100.100/8271	soil metagenome	WGS	METAGENOMIC	
	ERR687898	modern_metagenome	available_unitigs					soil	Not applicable - env sample	Not applicable - env sample				1.252021474763751	WGS	PRJEB7626	SAMEA3113585	BRAEMBL	public	fastq,sra	ena,gs,ncbi,s3	ena,gs.US,ncbi.public,s3.us-east-1	ERX632841	Illumina HiSeq 2500	PAIRED	RANDOM	METAGENOMIC	soil metagenome	ILLUMINA	2015-01-29T00:00:00Z	ERP008551	mMetagenome	Not applicable	56.95	46290224.0	170.0	3970307.0	7848.0	528122659.0	61.0	3938.0	2593479538.0	210595340.0	752980153.0	4960175733.0	1287540726.0	102.100.100/8271	soil metagenome	WGS	METAGENOMIC	
	SRR1041150	modern_metagenome	available_unitigs					Oral	Homo sapiens	oral				0.1972479522228241	WGA	PRJNA213303	SAMN02264653	THE OHIO STATE UNIVERSITY	public	fastq,sra	gs,ncbi,s3	gs.US,ncbi.public,s3.us-east-1	SRX385544	Illumina HiSeq 2000	PAIRED	MDA	GENOMIC	Tannerella sp. oral taxon BU063 isolate Cell 2	ILLUMINA	2014-05-29T00:00:00Z	SRP033408	mMetagenome	Plaque	38.38	17415723.0	40.0	229713.0	4221.0	10571640.0	36.0	785.0	288242515.0	6233273.0	25308921.0	863371571.0	194531204.0	Single cell whole genome amplified Tannerella BU063	Tannerella sp. oral taxon BU063 isolate Cell 2	WGA	GENOMIC	Subgingival plaque
	SRR1041261	modern_metagenome	available_unitigs					Oral	Homo sapiens	oral				0.1399733191356063	WGA	PRJNA229882	SAMN02420383	THE OHIO STATE UNIVERSITY	public	fastq,sra	gs,ncbi,s3	gs.US,ncbi.public,s3.us-east-1	SRX385635	Illumina HiSeq 2000	PAIRED	MDA	GENOMIC	Tannerella sp. oral taxon BU063 isolate Cell 6	ILLUMINA	2014-05-29T00:00:00Z	SRP033391	mMetagenome	Plaque	39.08	15810018.0	38.0	250639.0	2126.0	10845964.0	37.0	935.0	203731343.0	6478037.0	27161813.0	616834381.0	136113804.0	Single cell whole genome amplified Tannerella BU063	Tannerella sp. oral taxon BU063 isolate Cell 6	WGA	GENOMIC	Subgingival plaque
	SRR1157607	modern_metagenome	available_unitigs					soil	Not applicable - env sample	Not applicable - env sample				0.2662448808550834	WGS	PRJNA221719	SAMN02364459	GEORGIA TECH	public	fastq,sra	gs,ncbi,s3	gs.US,ncbi.public,s3.us-east-1	SRX461673	Illumina HiSeq 2000	PAIRED	size fractionation	METAGENOMIC	soil metagenome	ILLUMINA	2014-02-10T00:00:00Z	SRP030479	mMetagenome	Not applicable	73.31	27629264.0	405.0	734591.0	44547.0	187505881.0	85.0	16527.0	594242211.0	66089141.0	227862460.0	1001537732.0	274944631.0	bog75	soil metagenome	WGS	METAGENOMIC	
	SRR1157609	modern_metagenome	available_unitigs					soil	Not applicable - env sample	Not applicable - env sample				0.5327977575361729	WGS	PRJNA221719	SAMN02364458	GEORGIA TECH	public	sra	gs,ncbi,s3	gs.US,ncbi.public,s3.us-east-1	SRX461727	Illumina HiSeq 2000	PAIRED	size fractionation	METAGENOMIC	soil metagenome	ILLUMINA	2014-02-10T00:00:00Z	SRP030479	mMetagenome	Not applicable	70.45	52421485.0		0.0		0.0	81.0	17032.0	1565794592.0			2002541169.0	627707986.0	bog25	soil metagenome	WGS	METAGENOMIC	
	SRR1518393	modern_metagenome	available_unitigs					Oral	Homo sapiens	oral				0.9082625834271312	WGS	PRJNA255439	SAMN02919189	THE GEORGE WASHINGTON UNIVERSITY	public	fastq,sra	gs,ncbi,s3	gs.US,ncbi.public,s3.us-east-1	SRX655652	Illumina HiSeq 2000	SINGLE	RANDOM	METAGENOMIC	human metagenome	ILLUMINA	2014-10-22T00:00:00Z	SRP044400	mMetagenome	Not declared	57.19	97036033.0		0.0		0.0	65.0	1507.0	2894949474.0			3906180166.0	1083538668.0	ES_069	human metagenome	WGS	METAGENOMIC	
	SRR1518410	modern_metagenome	available_unitigs					Oral	Homo sapiens	oral				0.6765892300754786	WGS	PRJNA255439	SAMN02919189	THE GEORGE WASHINGTON UNIVERSITY	public	fastq,sra	gs,ncbi,s3	gs.US,ncbi.public,s3.us-east-1	SRX655652	Illumina HiSeq 2000	SINGLE	RANDOM	METAGENOMIC	human metagenome	ILLUMINA	2014-10-22T00:00:00Z	SRP044400	mMetagenome	Not declared	54.54	45624606.0	152.0	2109211.0	4489.0	132201188.0	61.0	1794.0	1450931841.0	64074577.0	279510865.0	2932947928.0	696971661.0	ES_069	human metagenome	WGS	METAGENOMIC	
	SRR1518476	modern_metagenome	available_unitigs					Oral	Homo sapiens	oral				0.6960774892941117	WGS	PRJNA255439	SAMN02919190	THE GEORGE WASHINGTON UNIVERSITY	public	fastq,sra	gs,ncbi,s3	gs.US,ncbi.public,s3.us-east-1	SRX655726	Illumina HiSeq 2000	SINGLE	RANDOM	METAGENOMIC	human metagenome	ILLUMINA	2014-10-22T00:00:00Z	SRP044400	mMetagenome	Not declared	53.86	46560451.0	154.0	2329876.0	5285.0	152750071.0	60.0	2399.0	1467862029.0	72762445.0	315815641.0	3027256891.0	716519180.0	ES_088	human metagenome	WGS	METAGENOMIC	
	SRR1518536	modern_metagenome	available_unitigs					Oral	Homo sapiens	oral				0.7713553430512547	WGS	PRJNA255439	SAMN02919191	THE GEORGE WASHINGTON UNIVERSITY	public	fastq,sra	gs,ncbi,s3	gs.US,ncbi.public,s3.us-east-1	SRX655735	Illumina HiSeq 2000	SINGLE	RANDOM	METAGENOMIC	human metagenome	ILLUMINA	2014-10-22T00:00:00Z	SRP044400	mMetagenome	Not declared	55.16	51170097.0	159.0	2835325.0	3367.0	203738501.0	62.0	1786.0	1635459503.0	93510515.0	399386778.0	3345757163.0	791799840.0	ES_089	human metagenome	WGS	METAGENOMIC	
	SRR1518998	modern_metagenome	available_unitigs					Oral	Homo sapiens	oral				0.4077046271413564	WGS	PRJNA255439	SAMN02919192	THE GEORGE WASHINGTON UNIVERSITY	public	fastq,sra	gs,ncbi,s3	gs.US,ncbi.public,s3.us-east-1	SRX656198	Illumina HiSeq 2000	SINGLE	RANDOM	METAGENOMIC	human metagenome	ILLUMINA	2014-10-22T00:00:00Z	SRP044400	mMetagenome	Not declared	52.23	29670989.0	36.0	1679199.0	2369.0	77477918.0	58.0	1764.0	869329228.0	42267447.0	197091238.0	1787624942.0	418845348.0	ES_095	human metagenome	WGS	METAGENOMIC	
	SRR1519031	modern_metagenome	available_unitigs					Oral	Homo sapiens	oral				0.6499699475243688	WGS	PRJNA255439	SAMN02919193	THE GEORGE WASHINGTON UNIVERSITY	public	fastq,sra	gs,ncbi,s3	gs.US,ncbi.public,s3.us-east-1	SRX656232	Illumina HiSeq 2000	SINGLE	RANDOM	METAGENOMIC	human metagenome	ILLUMINA	2014-10-22T00:00:00Z	SRP044400	mMetagenome	Not declared	52.18	25746336.0	134.0	2133387.0	5872.0	131711845.0	57.0	2661.0	1343535815.0	64550234.0	284550541.0	2847588282.0	666526370.0	ES_099	human metagenome	WGS	METAGENOMIC	
	SRR1519044	modern_metagenome	available_unitigs					Oral	Homo sapiens	oral				0.3850408708676696	WGS	PRJNA255439	SAMN02919194	THE GEORGE WASHINGTON UNIVERSITY	public	fastq,sra	gs,ncbi,s3	gs.US,ncbi.public,s3.us-east-1	SRX656233	Illumina HiSeq 2000	SINGLE	RANDOM	METAGENOMIC	human metagenome	ILLUMINA	2014-10-22T00:00:00Z	SRP044400	mMetagenome	Not declared	53.62	14911905.0	205.0	1036394.0	55858.0	105093456.0	59.0	5116.0	799639466.0	45220081.0	173572730.0	1626864037.0	395350249.0	ES_104	human metagenome	WGS	METAGENOMIC	
	SRR1519046	modern_metagenome	available_unitigs					Oral	Homo sapiens	oral				0.3115175813436508	WGS	PRJNA255439	SAMN02919196	THE GEORGE WASHINGTON UNIVERSITY	public	fastq,sra	gs,ncbi,s3	gs.US,ncbi.public,s3.us-east-1	SRX656247	Illumina HiSeq 2000	SINGLE	RANDOM	METAGENOMIC	human metagenome	ILLUMINA	2014-10-22T00:00:00Z	SRP044400	mMetagenome	Not declared	49.91	51343041.0	311.0	862760.0	17681.0	115378556.0	50.0	6090.0	587598862.0	47422856.0	170890222.0	1281596069.0	318934634.0	ES_107	human metagenome	WGS	METAGENOMIC	
	SRR1519047	modern_metagenome	available_unitigs					Oral	Homo sapiens	oral				0.5228869812563062	WGS	PRJNA255439	SAMN02919197	THE GEORGE WASHINGTON UNIVERSITY	public	fastq,sra	gs,ncbi,s3	gs.US,ncbi.public,s3.us-east-1	SRX656248	Illumina HiSeq 2000	SINGLE	RANDOM	METAGENOMIC	human metagenome	ILLUMINA	2014-10-22T00:00:00Z	SRP044400	mMetagenome	Not declared	50.03	58009820.0	197.0	1455259.0	21217.0	148975461.0	52.0	4819.0	990546403.0	66810026.0	248845678.0	2168816200.0	536500835.0	ES_110	human metagenome	WGS	METAGENOMIC	
	SRR1519048	modern_metagenome	available_unitigs					Oral	Homo sapiens	oral				0.2809508638456464	WGS	PRJNA255439	SAMN02919198	THE GEORGE WASHINGTON UNIVERSITY	public	fastq,sra	gs,ncbi,s3	gs.US,ncbi.public,s3.us-east-1	SRX656249	Illumina HiSeq 2000	SINGLE	RANDOM	METAGENOMIC	human metagenome	ILLUMINA	2014-10-22T00:00:00Z	SRP044400	mMetagenome	Not declared	53.22	41257060.0	298.0	886772.0	29704.0	108098777.0	57.0	7371.0	560671930.0	45444923.0	166710347.0	1160489571.0	287998229.0	ES_114	human metagenome	WGS	METAGENOMIC	
	SRR1519049	modern_metagenome	available_unitigs					Oral	Homo sapiens	oral				0.4694229997694492	WGS	PRJNA255439	SAMN02919199	THE GEORGE WASHINGTON UNIVERSITY	public	fastq,sra	gs,ncbi,s3	gs.US,ncbi.public,s3.us-east-1	SRX656250	Illumina HiSeq 2000	SINGLE	RANDOM	METAGENOMIC	human metagenome	ILLUMINA	2014-10-22T00:00:00Z	SRP044400	mMetagenome	Not declared	52.8	51350540.0	257.0	1037513.0	31529.0	127829756.0	57.0	3685.0	918021076.0	53284507.0	196952913.0	1939671913.0	481818537.0	ES_158	human metagenome	WGS	METAGENOMIC	
	SRR1519056	modern_metagenome	available_unitigs					Oral	Homo sapiens	oral				0.5069171926006675	WGS	PRJNA255439	SAMN02919203	THE GEORGE WASHINGTON UNIVERSITY	public	fastq,sra	gs,ncbi,s3	gs.US,ncbi.public,s3.us-east-1	SRX656257	Illumina HiSeq 2000	SINGLE	RANDOM	METAGENOMIC	human metagenome	ILLUMINA	2014-10-22T00:00:00Z	SRP044400	mMetagenome	Not declared	53.24	40768371.0	152.0	1464881.0	14250.0	105284164.0	59.0	4370.0	1058753597.0	50685295.0	207961298.0	2175184145.0	520765222.0	ES_210	human metagenome	WGS	METAGENOMIC	
SRS10329919	SRR16071512	modern_metagenome	available_unitigs	SG19.20	Armbrecht2021	2021.0	USA	sediment	Not applicable - env sample	Not applicable - env sample	2.0	2.0	0.0	0.0012558018788695																				39.43	65572.0	34.0	4237.0	177.0	160381.0	37.0	181.0	2585237.0	79939.0	426477.0	7068895.0	1348407.0	Metagenome or environmental sample from metagenome	metagenome	AMPLICON	GENOMIC	Sediment 11.8mbsf
SRS10329918	SRR16071513	modern_metagenome	available_unitigs	SG1.2	Armbrecht2021	2021.0	USA	sediment	Not applicable - env sample	Not applicable - env sample	2.0	2.0	0.0	0.001788156107068																				39.2	91744.0	33.0	7359.0	199.0	269894.0	37.0	199.0	3596779.0	134400.0	743953.0	9951180.0	1920018.0	Metagenome or environmental sample from metagenome	metagenome	AMPLICON	GENOMIC	Sediment 16.4mbsf
SRS10329921	SRR16071519	modern_metagenome	available_unitigs	SG55.56	Armbrecht2021	2021.0	USA	sediment	Not applicable - env sample	Not applicable - env sample	2.0	2.0	0.0	0.0003677597269415																				40.33	19755.0	43.0	470.0	146.0	21209.0	38.0	162.0	796671.0	10071.0	48685.0	2105052.0	394879.0	Metagenome or environmental sample from metagenome	metagenome	AMPLICON	GENOMIC	Sediment 1.2mbsf
	SRR1620017	modern_metagenome	available_unitigs					Skin	Homo sapiens	soft tissue				0.4081629747524857	WGS	PRJNA46333	SAMN03025397	NISC	public	sra	gs,ncbi,s3	gs.US,ncbi.public,s3.us-east-1	SRX739401	Illumina HiSeq 2000	PAIRED	RANDOM	METAGENOMIC	human skin metagenome	ILLUMINA	2014-10-30T00:00:00Z	SRP002480	mMetagenome	Not applicable	43.15	29006012.0	263.0	670477.0	8094.0	78534257.0	39.0	1227.0	707634002.0	31484859.0	121188385.0	1756641387.0	416097527.0	MET0006	human skin metagenome	WGS	METAGENOMIC	
	SRR1631060	modern_metagenome	available_unitigs					Skin	Homo sapiens	soft tissue				0.5985485250130296	WGS	PRJNA46333	SAMN03025571	NISC	public	sra	gs,ncbi,s3	gs.US,ncbi.public,s3.us-east-1	SRX743731	Illumina HiSeq 2000	PAIRED	RANDOM	METAGENOMIC	human skin metagenome	ILLUMINA	2014-10-30T00:00:00Z	SRP002480	mMetagenome	Not applicable	54.84	24178312.0	170.0	1278144.0	10422.0	106397467.0	66.0	1760.0	1337571461.0	45280489.0	188726628.0	2637542356.0	618066447.0	MET0207	human skin metagenome	WGS	METAGENOMIC	
	SRR1631061	modern_metagenome	available_unitigs					Skin	Homo sapiens	soft tissue				0.6155668785795569	WGS	PRJNA46333	SAMN03025571	NISC	public	sra	gs,ncbi,s3	gs.US,ncbi.public,s3.us-east-1	SRX743731	Illumina HiSeq 2000	PAIRED	RANDOM	METAGENOMIC	human skin metagenome	ILLUMINA	2014-10-30T00:00:00Z	SRP002480	mMetagenome	Not applicable	54.7	24812687.0	173.0	1241374.0	14378.0	106506593.0	65.0	1897.0	1372475246.0	45004215.0	186049823.0	2713228666.0	635440391.0	MET0207	human skin metagenome	WGS	METAGENOMIC	
	SRR1631063	modern_metagenome	available_unitigs					Skin	Homo sapiens	soft tissue				0.6767871780321002	WGS	PRJNA46333	SAMN03025571	NISC	public	sra	gs,ncbi,s3	gs.US,ncbi.public,s3.us-east-1	SRX743731	Illumina HiSeq 2000	PAIRED	RANDOM	METAGENOMIC	human skin metagenome	ILLUMINA	2014-10-30T00:00:00Z	SRP002480	mMetagenome	Not applicable	54.79	27215176.0	157.0	1834892.0	10886.0	133442812.0	65.0	1809.0	1505916918.0	58679128.0	253655640.0	2980987796.0	698626291.0	MET0207	human skin metagenome	WGS	METAGENOMIC	
	SRR1631064	modern_metagenome	available_unitigs					Skin	Homo sapiens	soft tissue				0.683675330132246	WGS	PRJNA46333	SAMN03025571	NISC	public	sra	gs,ncbi,s3	gs.US,ncbi.public,s3.us-east-1	SRX743731	Illumina HiSeq 2000	PAIRED	RANDOM	METAGENOMIC	human skin metagenome	ILLUMINA	2014-10-30T00:00:00Z	SRP002480	mMetagenome	Not applicable	54.73	27378198.0	143.0	2151431.0	6682.0	144450407.0	65.0	1845.0	1518796548.0	65192251.0	286090142.0	3011318098.0	705787377.0	MET0207	human skin metagenome	WGS	METAGENOMIC	
	SRR1633008	modern_metagenome	available_unitigs					Skin	Homo sapiens	soft tissue				0.1716106152161955	WGS	PRJNA46333	SAMN03025673	NISC	public	sra	gs,ncbi,s3	gs.US,ncbi.public,s3.us-east-1	SRX745020	Illumina HiSeq 2000	PAIRED	RANDOM	METAGENOMIC	human skin metagenome	ILLUMINA	2014-10-30T00:00:00Z	SRP002480	mMetagenome	Not applicable	61.28	13631124.0		0.0		0.0	71.0	3528.0	522111325.0			684095540.0	202669508.0	MET0310	human skin metagenome	WGS	METAGENOMIC	
	SRR1783758	modern_metagenome	available_unitigs					Oral	Homo sapiens	oral				0.1470127869397401	WGS	PRJNA255922	SAMN03287589	UCLA	public	fastq,sra	gs,ncbi,s3	gs.US,ncbi.public,s3.us-east-1	SRX862787	Illumina HiSeq 2000	PAIRED		METAGENOMIC	human oral metagenome	ILLUMINA	2015-02-05T00:00:00Z	SRP052958	mMetagenome	Plaque	73.73	36490332.0	572.0	598908.0	40570.0	144668186.0	87.0	10464.0	307575619.0	52241658.0	180248796.0	554030524.0	150814011.0	MIMS Environmental/Metagenome sample from human oral metagenome	human oral metagenome	WGS	METAGENOMIC	
	SRR1795009	modern_metagenome	available_unitigs					Oral	Homo sapiens	oral				0.2461440861225128	WGS	PRJNA255922	SAMN03287605	UCLA	public	fastq,sra	gs,ncbi,s3	gs.US,ncbi.public,s3.us-east-1	SRX870379	Illumina HiSeq 2000	PAIRED		METAGENOMIC	human oral metagenome	ILLUMINA	2015-02-10T00:00:00Z	SRP052958	mMetagenome	Plaque	71.46	33017622.0	564.0	708035.0	65935.0	203228132.0	78.0	8906.0	492354096.0	71318159.0	244553934.0	904103999.0	252797258.0	MIMS Environmental/Metagenome sample from human oral metagenome	human oral metagenome	WGS	METAGENOMIC	
	SRR1795018	modern_metagenome	available_unitigs					Oral	Homo sapiens	oral				0.2896318798884749	WGS	PRJNA255922	SAMN03287609	UCLA	public	fastq,sra	gs,ncbi,s3	gs.US,ncbi.public,s3.us-east-1	SRX870388	Illumina HiSeq 2000	PAIRED		METAGENOMIC	human oral metagenome	ILLUMINA	2015-02-10T00:00:00Z	SRP052958	mMetagenome	Plaque	68.46	34856128.0	399.0	865215.0	47770.0	205051883.0	75.0	7074.0	559918375.0	74451738.0	255544079.0	1062118901.0	297354618.0	MIMS Environmental/Metagenome sample from human oral metagenome	human oral metagenome	WGS	METAGENOMIC	
	SRR1923770	modern_metagenome	available_unitigs					Skin	Homo sapiens	soft tissue				0.0000435439869761	AMPLICON	PRJNA278873	SAMN03433816	INDIANA UNIVERSITY	public	fastq,sra	gs,ncbi,s3	gs.US,ncbi.public,s3.us-east-1	SRX963821	454 GS FLX Titanium	SINGLE	PCR	METAGENOMIC	human skin metagenome	LS454	2015-03-23T00:00:00Z	SRP056364	mMetagenome	Not applicable	51.74	2853.0	184.0	113.0	478.0	13029.0	53.0	478.0	94991.0	4912.0	18731.0	199535.0	41208.0	3	human skin metagenome	AMPLICON	METAGENOMIC	
	SRR1923771	modern_metagenome	available_unitigs					Skin	Homo sapiens	soft tissue				0.0000328449532389	AMPLICON	PRJNA278873	SAMN03433817	INDIANA UNIVERSITY	public	fastq,sra	gs,ncbi,s3	gs.US,ncbi.public,s3.us-east-1	SRX963822	454 GS FLX Titanium	SINGLE	PCR	METAGENOMIC	human skin metagenome	LS454	2015-03-23T00:00:00Z	SRP056364	mMetagenome	Not applicable	48.37	2202.0	150.0	84.0	341.0	8970.0	47.0	337.0	71638.0	3373.0	13193.0	155535.0	31614.0	3	human skin metagenome	AMPLICON	METAGENOMIC	
	SRR1923773	modern_metagenome	available_unitigs					Skin	Homo sapiens	soft tissue				0.0000391090288758	AMPLICON	PRJNA278873	SAMN03433818	INDIANA UNIVERSITY	public	fastq,sra	gs,ncbi,s3	gs.US,ncbi.public,s3.us-east-1	SRX963823	454 GS FLX Titanium	SINGLE	PCR	METAGENOMIC	human skin metagenome	LS454	2015-03-23T00:00:00Z	SRP056364	mMetagenome	Not applicable	50.45	2227.0	132.0	129.0	522.0	12770.0	51.0	372.0	86226.0	4956.0	19455.0	183621.0	37274.0	3	human skin metagenome	AMPLICON	METAGENOMIC	
	SRR1950687	modern_metagenome	available_unitigs					Skin	Homo sapiens	soft tissue				0.1313974019140005	WGS	PRJNA277905	SAMN03398501	GENOME INSTITRUTE OF SINGAPORE	public	fastq,sra	gs,ncbi,s3	gs.US,ncbi.public,s3.us-east-1	SRX976936	Illumina HiSeq 2000	PAIRED	RANDOM	METAGENOMIC	human skin metagenome	ILLUMINA	2016-03-26T00:00:00Z	SRP056821	mMetagenome	Not applicable	51.2	10664184.0	197.0	321585.0	11046.0	32218111.0	56.0	2046.0	262111550.0	13991628.0	52342080.0	543513059.0	134184811.0	Metagenome or environmental sample from human skin metagenome	human skin metagenome	WGS	METAGENOMIC	
	SRR1950688	modern_metagenome	available_unitigs					Skin	Homo sapiens	soft tissue				0.0481522008776664	AMPLICON	PRJNA277905	SAMN03398502	GENOME INSTITRUTE OF SINGAPORE	public	fastq,sra	gs,ncbi,s3	gs.US,ncbi.public,s3.us-east-1	SRX976937	Illumina HiSeq 2000	PAIRED	PCR	METAGENOMIC	human skin metagenome	ILLUMINA	2016-03-26T00:00:00Z	SRP056821	mMetagenome	Not applicable	35.17	4650989.0	33.0	220340.0	675.0	8092375.0	33.0	418.0	85841750.0	4645061.0	24043376.0	254039802.0	48788961.0	Metagenome or environmental sample from human skin metagenome	human skin metagenome	AMPLICON	METAGENOMIC	
	SRR1950689	modern_metagenome	available_unitigs					Skin	Homo sapiens	soft tissue				0.2063902011141181	WGS	PRJNA277905	SAMN03398503	GENOME INSTITRUTE OF SINGAPORE	public	fastq,sra	gs,ncbi,s3	gs.US,ncbi.public,s3.us-east-1	SRX976938	Illumina HiSeq 2000	PAIRED	RANDOM	METAGENOMIC	human skin metagenome	ILLUMINA	2016-03-26T00:00:00Z	SRP056821	mMetagenome	Not applicable	53.94	9186682.0	159.0	468679.0	12848.0	35527190.0	61.0	3486.0	439717516.0	15953831.0	67629358.0	883529882.0	211272836.0	Metagenome or environmental sample from human skin metagenome	human skin metagenome	WGS	METAGENOMIC	
	SRR1950694	modern_metagenome	available_unitigs					Skin	Homo sapiens	soft tissue				0.0128045976161956	AMPLICON	PRJNA277905	SAMN03398508	GENOME INSTITRUTE OF SINGAPORE	public	fastq,sra	gs,ncbi,s3	gs.US,ncbi.public,s3.us-east-1	SRX976943	Illumina HiSeq 2000	PAIRED	PCR	METAGENOMIC	human skin metagenome	ILLUMINA	2016-03-26T00:00:00Z	SRP056821	mMetagenome	Not applicable	36.91	9446931.0	40.0	39715.0	1715.0	1881878.0	33.0	742.0	22257468.0	935634.0	4490446.0	62714138.0	12402063.0	Metagenome or environmental sample from human skin metagenome	human skin metagenome	AMPLICON	METAGENOMIC	
	SRR1950695	modern_metagenome	available_unitigs					Skin	Homo sapiens	soft tissue				0.2564842710271477	WGS	PRJNA277905	SAMN03398509	GENOME INSTITRUTE OF SINGAPORE	public	fastq,sra	gs,ncbi,s3	gs.US,ncbi.public,s3.us-east-1	SRX976944	Illumina HiSeq 2000	PAIRED	RANDOM	METAGENOMIC	human skin metagenome	ILLUMINA	2016-03-26T00:00:00Z	SRP056821	mMetagenome	Not applicable	49.1	13089509.0	61.0	481934.0	13488.0	27757655.0	54.0	1702.0	507003812.0	14388016.0	60860116.0	1101740503.0	261652900.0	Metagenome or environmental sample from human skin metagenome	human skin metagenome	WGS	METAGENOMIC	
	SRR1950701	modern_metagenome	available_unitigs					Skin	Homo sapiens	soft tissue				0.1183519382029771	WGS	PRJNA277905	SAMN03398515	GENOME INSTITRUTE OF SINGAPORE	public	fastq,sra	gs,ncbi,s3	gs.US,ncbi.public,s3.us-east-1	SRX976950	Illumina HiSeq 2000	PAIRED	RANDOM	METAGENOMIC	human skin metagenome	ILLUMINA	2016-03-26T00:00:00Z	SRP056821	mMetagenome	Not applicable	58.39	6047181.0	236.0	304936.0	5510.0	42770120.0	66.0	1470.0	248981361.0	16812550.0	60901293.0	473975035.0	121364304.0	Metagenome or environmental sample from human skin metagenome	human skin metagenome	WGS	METAGENOMIC	
	SRR1950711	modern_metagenome	available_unitigs					Skin	Homo sapiens	soft tissue				0.2272766157984733	WGS	PRJNA277905	SAMN03398525	GENOME INSTITRUTE OF SINGAPORE	public	fastq,sra	gs,ncbi,s3	gs.US,ncbi.public,s3.us-east-1	SRX976960	Illumina HiSeq 2000	PAIRED	RANDOM	METAGENOMIC	human skin metagenome	ILLUMINA	2016-03-26T00:00:00Z	SRP056821	mMetagenome	Not applicable	55.88	7966596.0	154.0	834726.0	4008.0	60058450.0	70.0	810.0	473357529.0	27065192.0	112837805.0	952912181.0	232755739.0	Metagenome or environmental sample from human skin metagenome	human skin metagenome	WGS	METAGENOMIC	
	SRR1950716	modern_metagenome	available_unitigs					Skin	Homo sapiens	soft tissue				0.1891240961849689	WGS	PRJNA277905	SAMN03398530	GENOME INSTITRUTE OF SINGAPORE	public	fastq,sra	gs,ncbi,s3	gs.US,ncbi.public,s3.us-east-1	SRX976965	Illumina HiSeq 2000	PAIRED	RANDOM	METAGENOMIC	human skin metagenome	ILLUMINA	2016-03-26T00:00:00Z	SRP056821	mMetagenome	Not applicable	62.09	7863762.0	159.0	712385.0	3010.0	70585284.0	80.0	909.0	401678693.0	30584797.0	111299514.0	739673745.0	194703341.0	Metagenome or environmental sample from human skin metagenome	human skin metagenome	WGS	METAGENOMIC	
	SRR1950724	modern_metagenome	available_unitigs					Skin	Homo sapiens	soft tissue				0.2742594303563237	WGS	PRJNA277905	SAMN03398538	GENOME INSTITRUTE OF SINGAPORE	public	fastq,sra	gs,ncbi,s3	gs.US,ncbi.public,s3.us-east-1	SRX976973	Illumina HiSeq 2000	PAIRED	RANDOM	METAGENOMIC	human skin metagenome	ILLUMINA	2016-03-26T00:00:00Z	SRP056821	mMetagenome	Not applicable	54.12	14574740.0	179.0	546006.0	19443.0	53416271.0	61.0	2533.0	568320773.0	22762751.0	88983858.0	1141928986.0	281635854.0	Metagenome or environmental sample from human skin metagenome	human skin metagenome	WGS	METAGENOMIC	
	SRR1950729	modern_metagenome	available_unitigs					Skin	Homo sapiens	soft tissue				0.1456264108419418	WGS	PRJNA277905	SAMN03398543	GENOME INSTITRUTE OF SINGAPORE	public	fastq,sra	gs,ncbi,s3	gs.US,ncbi.public,s3.us-east-1	SRX976978	Illumina HiSeq 2000	PAIRED	RANDOM	METAGENOMIC	human skin metagenome	ILLUMINA	2016-03-26T00:00:00Z	SRP056821	mMetagenome	Not applicable	57.22	5702657.0	159.0	341645.0	6032.0	28405977.0	69.0	1295.0	319598806.0	12187322.0	49612175.0	611987990.0	149262718.0	Metagenome or environmental sample from human skin metagenome	human skin metagenome	WGS	METAGENOMIC	
	SRR1950730	modern_metagenome	available_unitigs					Skin	Homo sapiens	soft tissue				0.0607082061469554	WGS	PRJNA277905	SAMN03398544	GENOME INSTITRUTE OF SINGAPORE	public	fastq,sra	gs,ncbi,s3	gs.US,ncbi.public,s3.us-east-1	SRX976979	Illumina HiSeq 2000	PAIRED	RANDOM	METAGENOMIC	human skin metagenome	ILLUMINA	2016-03-26T00:00:00Z	SRP056821	mMetagenome	Not applicable	59.72	3450826.0	270.0	133056.0	13908.0	18889956.0	71.0	3236.0	137629031.0	6953140.0	26432711.0	251138616.0	61579259.0	Metagenome or environmental sample from human skin metagenome	human skin metagenome	WGS	METAGENOMIC	
	SRR1950731	modern_metagenome	available_unitigs					Skin	Homo sapiens	soft tissue				0.0965656945481896	WGS	PRJNA277905	SAMN03398545	GENOME INSTITRUTE OF SINGAPORE	public	fastq,sra	gs,ncbi,s3	gs.US,ncbi.public,s3.us-east-1	SRX976980	Illumina HiSeq 2000	PAIRED	RANDOM	METAGENOMIC	human skin metagenome	ILLUMINA	2016-03-26T00:00:00Z	SRP056821	mMetagenome	Not applicable	58.76	5089242.0	223.0	205956.0	10757.0	27654159.0	67.0	2852.0	210931082.0	10549319.0	39606454.0	391987556.0	99167605.0	Metagenome or environmental sample from human skin metagenome	human skin metagenome	WGS	METAGENOMIC	
	SRR1950736	modern_metagenome	available_unitigs					Skin	Homo sapiens	soft tissue				0.1380923185497522	WGS	PRJNA277905	SAMN03398550	GENOME INSTITRUTE OF SINGAPORE	public	fastq,sra	gs,ncbi,s3	gs.US,ncbi.public,s3.us-east-1	SRX976985	Illumina HiSeq 2000	PAIRED	RANDOM	METAGENOMIC	human skin metagenome	ILLUMINA	2016-03-26T00:00:00Z	SRP056821	mMetagenome	Not applicable	56.7	6519908.0	231.0	290727.0	12966.0	34429469.0	65.0	1986.0	296296930.0	13786197.0	53013211.0	574019425.0	141527812.0	Metagenome or environmental sample from human skin metagenome	human skin metagenome	WGS	METAGENOMIC	
	SRR1950744	modern_metagenome	available_unitigs					Skin	Homo sapiens	soft tissue				0.2570925960317254	WGS	PRJNA277905	SAMN03398558	GENOME INSTITRUTE OF SINGAPORE	public	fastq,sra	gs,ncbi,s3	gs.US,ncbi.public,s3.us-east-1	SRX976993	Illumina HiSeq 2000	PAIRED	RANDOM	METAGENOMIC	human skin metagenome	ILLUMINA	2016-03-26T00:00:00Z	SRP056821	mMetagenome	Not applicable	63.44	10262026.0	165.0	660635.0	3193.0	78852818.0	98.0	550.0	538446833.0	31127327.0	114789210.0	1004413226.0	264605394.0	Metagenome or environmental sample from human skin metagenome	human skin metagenome	WGS	METAGENOMIC	
	SRR1950747	modern_metagenome	available_unitigs					Skin	Homo sapiens	soft tissue				0.3143062563613057	WGS	PRJNA277905	SAMN03398561	GENOME INSTITRUTE OF SINGAPORE	public	fastq,sra	gs,ncbi,s3	gs.US,ncbi.public,s3.us-east-1	SRX976996	Illumina HiSeq 2000	PAIRED	RANDOM	METAGENOMIC	human skin metagenome	ILLUMINA	2016-03-26T00:00:00Z	SRP056821	mMetagenome	Not applicable	59.84	11061375.0	157.0	1017291.0	2662.0	83709891.0	83.0	720.0	660921732.0	37076846.0	145620355.0	1279096537.0	322583821.0	Metagenome or environmental sample from human skin metagenome	human skin metagenome	WGS	METAGENOMIC	
	SRR1950748	modern_metagenome	available_unitigs					Skin	Homo sapiens	soft tissue				0.3159435782581568	WGS	PRJNA277905	SAMN03398562	GENOME INSTITRUTE OF SINGAPORE	public	fastq,sra	gs,ncbi,s3	gs.US,ncbi.public,s3.us-east-1	SRX976997	Illumina HiSeq 2000	PAIRED	RANDOM	METAGENOMIC	human skin metagenome	ILLUMINA	2016-03-26T00:00:00Z	SRP056821	mMetagenome	Not applicable	60.67	11425104.0	100.0	1701768.0	1204.0	112235391.0	89.0	663.0	662433918.0	55457491.0	221202920.0	1278560812.0	324290300.0	Metagenome or environmental sample from human skin metagenome	human skin metagenome	WGS	METAGENOMIC	
	SRR1950749	modern_metagenome	available_unitigs					Skin	Homo sapiens	soft tissue				0.2388589717447757	WGS	PRJNA277905	SAMN03398563	GENOME INSTITRUTE OF SINGAPORE	public	fastq,sra	gs,ncbi,s3	gs.US,ncbi.public,s3.us-east-1	SRX976998	Illumina HiSeq 2000	PAIRED	RANDOM	METAGENOMIC	human skin metagenome	ILLUMINA	2016-03-26T00:00:00Z	SRP056821	mMetagenome	Not applicable	58.7	9279152.0	159.0	578441.0	4996.0	50562652.0	77.0	987.0	511196524.0	21490507.0	85949988.0	983276009.0	241944809.0	Metagenome or environmental sample from human skin metagenome	human skin metagenome	WGS	METAGENOMIC	
	SRR1950758	modern_metagenome	available_unitigs					Skin	Homo sapiens	soft tissue				0.1711766067892313	WGS	PRJNA277905	SAMN03398572	GENOME INSTITRUTE OF SINGAPORE	public	fastq,sra	gs,ncbi,s3	gs.US,ncbi.public,s3.us-east-1	SRX977007	Illumina HiSeq 2000	PAIRED	RANDOM	METAGENOMIC	human skin metagenome	ILLUMINA	2016-03-26T00:00:00Z	SRP056821	mMetagenome	Not applicable	54.59	7400171.0	112.0	453645.0	4134.0	28811836.0	63.0	1353.0	369504823.0	13918860.0	59089026.0	731207829.0	175044535.0	Metagenome or environmental sample from human skin metagenome	human skin metagenome	WGS	METAGENOMIC	
	SRR1950762	modern_metagenome	available_unitigs					Skin	Homo sapiens	soft tissue				0.1405328568071127	WGS	PRJNA277905	SAMN03398576	GENOME INSTITRUTE OF SINGAPORE	public	fastq,sra	gs,ncbi,s3	gs.US,ncbi.public,s3.us-east-1	SRX977011	Illumina HiSeq 2000	PAIRED	RANDOM	METAGENOMIC	human skin metagenome	ILLUMINA	2016-03-26T00:00:00Z	SRP056821	mMetagenome	Not applicable	59.56	5532437.0	162.0	350009.0	5039.0	35174663.0	76.0	1036.0	301165557.0	14634644.0	55957499.0	572108050.0	143943695.0	Metagenome or environmental sample from human skin metagenome	human skin metagenome	WGS	METAGENOMIC	
	SRR1950768	modern_metagenome	available_unitigs					Skin	Homo sapiens	soft tissue				0.0748064890503883	WGS	PRJNA277905	SAMN03398582	GENOME INSTITRUTE OF SINGAPORE	public	fastq,sra	gs,ncbi,s3	gs.US,ncbi.public,s3.us-east-1	SRX977017	Illumina HiSeq 2000	PAIRED	RANDOM	METAGENOMIC	human skin metagenome	ILLUMINA	2016-03-26T00:00:00Z	SRP056821	mMetagenome	Not applicable	65.84	6217736.0	153.0	287498.0	1141.0	24190641.0	99.0	406.0	160045111.0	10810574.0	40666889.0	291206138.0	76575845.0	Metagenome or environmental sample from human skin metagenome	human skin metagenome	WGS	METAGENOMIC	
	SRR1950769	modern_metagenome	available_unitigs					Skin	Homo sapiens	soft tissue				0.1774829188361764	WGS	PRJNA277905	SAMN03398583	GENOME INSTITRUTE OF SINGAPORE	public	fastq,sra	gs,ncbi,s3	gs.US,ncbi.public,s3.us-east-1	SRX977018	Illumina HiSeq 2000	PAIRED	RANDOM	METAGENOMIC	human skin metagenome	ILLUMINA	2016-03-26T00:00:00Z	SRP056821	mMetagenome	Not applicable	60.99	6688762.0	156.0	530691.0	2440.0	44423753.0	89.0	621.0	378157594.0	19533665.0	76205616.0	717850892.0	182032755.0	Metagenome or environmental sample from human skin metagenome	human skin metagenome	WGS	METAGENOMIC	
	SRR1950776	modern_metagenome	available_unitigs					Skin	Homo sapiens	soft tissue				0.2184417340904474	WGS	PRJNA277905	SAMN03398590	GENOME INSTITRUTE OF SINGAPORE	public	fastq,sra	gs,ncbi,s3	gs.US,ncbi.public,s3.us-east-1	SRX977025	Illumina HiSeq 2000	PAIRED	RANDOM	METAGENOMIC	human skin metagenome	ILLUMINA	2016-03-26T00:00:00Z	SRP056821	mMetagenome	Not applicable	62.67	7643070.0	156.0	713339.0	1683.0	57729932.0	99.0	474.0	465691828.0	25518832.0	100704905.0	881660259.0	223886045.0	Metagenome or environmental sample from human skin metagenome	human skin metagenome	WGS	METAGENOMIC	
	SRR1950777	modern_metagenome	available_unitigs					Skin	Homo sapiens	soft tissue				0.1263630837202072	WGS	PRJNA277905	SAMN03398591	GENOME INSTITRUTE OF SINGAPORE	public	fastq,sra	gs,ncbi,s3	gs.US,ncbi.public,s3.us-east-1	SRX977026	Illumina HiSeq 2000	PAIRED	RANDOM	METAGENOMIC	human skin metagenome	ILLUMINA	2016-03-26T00:00:00Z	SRP056821	mMetagenome	Not applicable	56.7	5810613.0	151.0	394828.0	3890.0	28798961.0	70.0	1530.0	269139445.0	13519751.0	53384568.0	523879517.0	129347323.0	Metagenome or environmental sample from human skin metagenome	human skin metagenome	WGS	METAGENOMIC	
	SRR1952513	modern_metagenome	available_unitigs					Oral	Homo sapiens	oral				0.1918667322024703	WGS	PRJNA275349	SAMN03351702	JCVI	public	sra,unknown_contigs	ncbi	ncbi.public	SRX978446	Illumina HiSeq 2000	PAIRED	RANDOM	METAGENOMIC	human metagenome	ILLUMINA	2015-04-09T00:00:00Z	SRP056641	mMetagenome	Plaque	52.45	32056125.0	358.0	414786.0	35110.0	79735653.0	54.0	6671.0	347247834.0	30489697.0	105652026.0	750278902.0	196344527.0	700172125	human metagenome	WGS	METAGENOMIC	ORAL
	SRR1952567	modern_metagenome	available_unitigs					Oral	Homo sapiens	oral				0.3053079079836607	WGS	PRJNA275349	SAMN03351598	JCVI	public	fastq,sra	gs,ncbi,s3	gs.US,ncbi.public,s3.us-east-1	SRX978494	Illumina HiSeq 2000	PAIRED	RANDOM	METAGENOMIC	human metagenome	ILLUMINA	2015-04-09T00:00:00Z	SRP056641	mMetagenome	Plaque	50.66	32453927.0	226.0	975623.0	11551.0	122217786.0	51.0	4420.0	552347949.0	51667740.0	183399535.0	1216244677.0	307734226.0	700161427	human metagenome	WGS	METAGENOMIC	ORAL
	SRR1952611	modern_metagenome	available_unitigs					Oral	Homo sapiens	oral				0.2354755764827132	WGS	PRJNA275349	SAMN03351552	JCVI	public	fastq,sra	gs,ncbi,s3	gs.US,ncbi.public,s3.us-east-1	SRX978539	Illumina HiSeq 2000	PAIRED	RANDOM	METAGENOMIC	human metagenome	ILLUMINA	2015-04-09T00:00:00Z	SRP056641	mMetagenome	Plaque	61.63	28677800.0	285.0	855526.0	18738.0	142209247.0	67.0	4739.0	492551180.0	53557171.0	191380751.0	937179807.0	242400313.0	700122212	human metagenome	WGS	METAGENOMIC	ORAL
	SRR1952623	modern_metagenome	available_unitigs					Oral	Homo sapiens	oral				0.2105744145810604	WGS	PRJNA275349	SAMN03351593	JCVI	public	fastq,sra	gs,ncbi,s3	gs.US,ncbi.public,s3.us-east-1	SRX978550	Illumina HiSeq 2000	PAIRED	RANDOM	METAGENOMIC	human metagenome	ILLUMINA	2015-04-09T00:00:00Z	SRP056641	mMetagenome	Plaque	53.48	42484177.0		0.0		0.0	56.0	6457.0	603686529.0			823482948.0	248375970.0	700161335	human metagenome	WGS	METAGENOMIC	ORAL
	SRR2096701	modern_metagenome	available_unitigs					Skin	Homo sapiens	soft tissue				0.0044842036440968	WGS	PRJNA46333	SAMN03840426	NISC	public	sra	gs,ncbi,s3	gs.US,ncbi.public,s3.us-east-1	SRX1091795	Illumina HiSeq 2000	PAIRED	RANDOM	METAGENOMIC	human skin metagenome	ILLUMINA	2016-02-23T00:00:00Z	SRP002480	mMetagenome	Not applicable	62.78	284132.0	187.0	3020.0	4073.0	532403.0	76.0	1417.0	11883697.0	179296.0	646599.0	19227770.0	4656918.0	Metagenome or environmental sample from human skin metagenome	human skin metagenome	WGS	METAGENOMIC	
	SRR2096702	modern_metagenome	available_unitigs					Skin	Homo sapiens	soft tissue				0.0059449076652526	WGS	PRJNA46333	SAMN03840426	NISC	public	sra	gs,ncbi,s3	gs.US,ncbi.public,s3.us-east-1	SRX1091795	Illumina HiSeq 2000	PAIRED	RANDOM	METAGENOMIC	human skin metagenome	ILLUMINA	2016-02-23T00:00:00Z	SRP002480	mMetagenome	Not applicable	62.76	369302.0	182.0	9107.0	2947.0	1050363.0	75.0	1110.0	15660324.0	364385.0	1466079.0	25514267.0	6175133.0	Metagenome or environmental sample from human skin metagenome	human skin metagenome	WGS	METAGENOMIC	
	SRR2096703	modern_metagenome	available_unitigs					Skin	Homo sapiens	soft tissue				0.0062850741669535	WGS	PRJNA46333	SAMN03840426	NISC	public	sra	gs,ncbi,s3	gs.US,ncbi.public,s3.us-east-1	SRX1091795	Illumina HiSeq 2000	PAIRED	RANDOM	METAGENOMIC	human skin metagenome	ILLUMINA	2016-02-23T00:00:00Z	SRP002480	mMetagenome	Not applicable	62.78	389967.0	174.0	15894.0	3951.0	1366042.0	75.0	1995.0	16548496.0	496898.0	2173073.0	26946625.0	6520444.0	Metagenome or environmental sample from human skin metagenome	human skin metagenome	WGS	METAGENOMIC	
	SRR2096704	modern_metagenome	available_unitigs					Skin	Homo sapiens	soft tissue				0.0078113451600074	WGS	PRJNA46333	SAMN03840426	NISC	public	sra	gs,ncbi,s3	gs.US,ncbi.public,s3.us-east-1	SRX1091795	Illumina HiSeq 2000	PAIRED	RANDOM	METAGENOMIC	human skin metagenome	ILLUMINA	2016-02-23T00:00:00Z	SRP002480	mMetagenome	Not applicable	62.59	459681.0	172.0	28628.0	4591.0	2197286.0	75.0	1720.0	20515244.0	795919.0	3694463.0	33753995.0	8105511.0	Metagenome or environmental sample from human skin metagenome	human skin metagenome	WGS	METAGENOMIC	
	SRR2096705	modern_metagenome	available_unitigs					Skin	Homo sapiens	soft tissue				0.0071461116895079	WGS	PRJNA46333	SAMN03840426	NISC	public	sra	gs,ncbi,s3	gs.US,ncbi.public,s3.us-east-1	SRX1091795	Illumina HiSeq 2000	PAIRED	RANDOM	METAGENOMIC	human skin metagenome	ILLUMINA	2016-02-23T00:00:00Z	SRP002480	mMetagenome	Not applicable	62.53	423431.0	201.0	6794.0	3163.0	1321837.0	75.0	1392.0	18790491.0	434827.0	1572737.0	30868881.0	7417205.0	Metagenome or environmental sample from human skin metagenome	human skin metagenome	WGS	METAGENOMIC	
	SRR2096706	modern_metagenome	available_unitigs					Skin	Homo sapiens	soft tissue				0.0066342484205961	WGS	PRJNA46333	SAMN03840426	NISC	public	sra	gs,ncbi,s3	gs.US,ncbi.public,s3.us-east-1	SRX1091795	Illumina HiSeq 2000	PAIRED	RANDOM	METAGENOMIC	human skin metagenome	ILLUMINA	2016-02-23T00:00:00Z	SRP002480	mMetagenome	Not applicable	62.49	394161.0	196.0	6626.0	3156.0	1155547.0	75.0	1392.0	17476673.0	384952.0	1414079.0	28704284.0	6886812.0	Metagenome or environmental sample from human skin metagenome	human skin metagenome	WGS	METAGENOMIC	
	SRR2240834	modern_metagenome	available_unitigs					Oral	Homo sapiens	oral				0.2885144064202904	WGS	PRJNA275349	SAMN03351547	JCVI	public	sra,unknown_contigs	ncbi	ncbi.public	SRX1182816	Illumina HiSeq 2000	PAIRED	RANDOM	METAGENOMIC	human metagenome	ILLUMINA	2015-09-08T00:00:00Z	SRP056641	mMetagenome	Plaque	51.13	28592053.0	345.0	590426.0	24405.0	109890278.0	52.0	3655.0	515509838.0	42343501.0	146299055.0	1130091920.0	295947093.0	700122152	human metagenome	WGS	METAGENOMIC	ORAL
	SRR2240920	modern_metagenome	available_unitigs					Oral	Homo sapiens	oral				0.1974023031070828	WGS	PRJNA275349	SAMN03351569	JCVI	public	sra,unknown_contigs	gs,ncbi,s3	gs.US,ncbi.public,s3.us-east-1	SRX1182854	Illumina HiSeq 2000	PAIRED	RANDOM	METAGENOMIC	human metagenome	ILLUMINA	2015-09-08T00:00:00Z	SRP056641	mMetagenome	Plaque	59.24	27386137.0	726.0	381968.0	51019.0	127443790.0	61.0	9655.0	375427696.0	43384250.0	149819092.0	762876777.0	201937317.0	700122872	human metagenome	WGS	METAGENOMIC	ORAL
	SRR3184100	modern_metagenome	available_unitigs					Skin	Homo sapiens	soft tissue				0.1507723033428192	WGS	PRJNA46333	SAMN04359892	NISC	public	sra,unknown_contigs	gs,ncbi,s3	gs.US,ncbi.public,s3.us-east-1	SRX1597582	Illumina HiSeq 2000	PAIRED	RANDOM	METAGENOMIC	human skin metagenome	ILLUMINA	2016-05-01T00:00:00Z	SRP002480	mMetagenome	Not applicable	60.03	15338847.0	366.0	294921.0	24687.0	69419894.0	65.0	7338.0	314823015.0	24710671.0	85895280.0	597842663.0	155060050.0	MIMS Environmental/Metagenome sample from human skin metagenome	human skin metagenome	WGS	METAGENOMIC	
	SRR3184876	modern_metagenome	available_unitigs					Skin	Homo sapiens	soft tissue				0.559941123239696	WGS	PRJNA46333	SAMN04359977	NISC	public	sra,unknown_contigs	gs,ncbi,s3	gs.US,ncbi.public,s3.us-east-1	SRX1598217	Illumina HiSeq 2000	PAIRED	RANDOM	METAGENOMIC	human skin metagenome	ILLUMINA	2016-05-01T00:00:00Z	SRP002480	mMetagenome	Not applicable	44.37	28640653.0	78.0	1329803.0	4731.0	84633415.0	46.0	998.0	1013941799.0	43660366.0	176990496.0	2499283180.0	575565592.0	MIMS Environmental/Metagenome sample from human skin metagenome	human skin metagenome	WGS	METAGENOMIC	
	SRR3189411	modern_metagenome	available_unitigs					Skin	Homo sapiens	soft tissue				0.212458080612123	WGS	PRJNA46333	SAMN04360124	NISC	public	sra,unknown_contigs	ncbi	ncbi.public	SRX1601624	Illumina HiSeq 2000	PAIRED	RANDOM	METAGENOMIC	human skin metagenome	ILLUMINA	2016-05-01T00:00:00Z	SRP002480	mMetagenome	Not applicable	49.31	13826170.0	199.0	322588.0	10245.0	39206458.0	50.0	3054.0	416029739.0	15677283.0	57372233.0	890051523.0	218113408.0	MIMS Environmental/Metagenome sample from human skin metagenome	human skin metagenome	WGS	METAGENOMIC	
	SRR3189416	modern_metagenome	available_unitigs					Skin	Homo sapiens	soft tissue				0.1885217828676104	WGS	PRJNA46333	SAMN04360124	NISC	public	sra,unknown_contigs	gs,ncbi,s3	gs.US,ncbi.public,s3.us-east-1	SRX1601624	Illumina HiSeq 2000	PAIRED	RANDOM	METAGENOMIC	human skin metagenome	ILLUMINA	2016-05-01T00:00:00Z	SRP002480	mMetagenome	Not applicable	50.67	12690457.0	193.0	326107.0	11585.0	37754897.0	51.0	2733.0	376593354.0	15157002.0	56154004.0	791004469.0	193801195.0	MIMS Environmental/Metagenome sample from human skin metagenome	human skin metagenome	WGS	METAGENOMIC	
	SRR3189418	modern_metagenome	available_unitigs					Skin	Homo sapiens	soft tissue				0.1706244889646768	WGS	PRJNA46333	SAMN04360124	NISC	public	sra,unknown_contigs	gs,ncbi,s3	gs.US,ncbi.public,s3.us-east-1	SRX1601624	Illumina HiSeq 2000	PAIRED	RANDOM	METAGENOMIC	human skin metagenome	ILLUMINA	2016-05-01T00:00:00Z	SRP002480	mMetagenome	Not applicable	50.81	11536508.0	186.0	311624.0	7420.0	34353941.0	52.0	2361.0	342543748.0	14045343.0	51980268.0	716730353.0	175427224.0	MIMS Environmental/Metagenome sample from human skin metagenome	human skin metagenome	WGS	METAGENOMIC	
	SRR3586059	modern_metagenome	available_unitigs					Oral	Homo sapiens	oral				0.1468971455469727	WGS	PRJEB4953	SAMN05172415	SECOND GENOME	public	fastq,sra	gs,ncbi,s3	gs.US,ncbi.public,s3.us-east-1	SRX1799461	Illumina HiSeq 1000	PAIRED	RANDOM	METAGENOMIC	human oral metagenome	ILLUMINA	2016-05-30T00:00:00Z	ERP004294	mMetagenome	Gums	84.25	16735210.0	517.0	556292.0	96500.0	155515134.0	101.0	9225.0	322394530.0	54591596.0	187670627.0	539359459.0	151226806.0	Normal	human oral metagenome	WGS	METAGENOMIC	
	SRR3586063	modern_metagenome	available_unitigs					Oral	Homo sapiens	oral				0.0902944598346948	WGS	PRJEB4953	SAMN05172417	SECOND GENOME	public	fastq,sra	gs,ncbi,s3	gs.US,ncbi.public,s3.us-east-1	SRX1799465	Illumina HiSeq 1000	PAIRED	RANDOM	METAGENOMIC	human oral metagenome	ILLUMINA	2016-05-30T00:00:00Z	ERP004294	mMetagenome	Tongue	65.15	12545392.0	560.0	204025.0	45901.0	60174186.0	65.0	6436.0	181212570.0	20679524.0	71500442.0	338103140.0	92385106.0	Normal	human oral metagenome	WGS	METAGENOMIC	
	SRR3644405	modern_metagenome	available_unitigs					Skin	Homo sapiens	soft tissue				0.4243741203099489	WGS	PRJNA46333	SAMN04999354	NISC	public	sra	ncbi	ncbi.public	SRX1828711	Illumina HiSeq 2000	PAIRED	RANDOM	METAGENOMIC	human skin metagenome	ILLUMINA	2017-07-13T00:00:00Z	SRP002480	mMetagenome	Not applicable	41.6	10783066.0	34.0	1416491.0	805.0	62792591.0	38.0	498.0	854135075.0	33838406.0	160822164.0	2089787823.0	436047578.0	MIMS Environmental/Metagenome sample from human skin metagenome	human skin metagenome	WGS	METAGENOMIC	
	SRR5892193	modern_metagenome	available_unitigs					Oral	Homo sapiens	oral				0.1826275270432233	WGS	PRJNA396840	SAMN07440128	NTU	public	fastq,sra	gs,ncbi,s3	gs.US,ncbi.public,s3.us-east-1	SRX3057964	Illumina HiSeq 2500	PAIRED	size fractionation	METAGENOMIC	human metagenome	ILLUMINA	2017-10-10T00:00:00Z	SRP114751	mMetagenome	Saliva	75.4	5323647.0	352.0	787296.0	80128.0	170919759.0	81.0	6890.0	363007769.0	63088370.0	217382947.0	668112020.0	186704394.0	metagenome	human metagenome	WGS	METAGENOMIC	
	SRR5892198	modern_metagenome	available_unitigs					Oral	Homo sapiens	oral				0.1466663088649511	WGS	PRJNA396840	SAMN07440120	NTU	public	fastq,sra	gs,ncbi,s3	gs.US,ncbi.public,s3.us-east-1	SRX3057959	Illumina HiSeq 2500	PAIRED	size fractionation	METAGENOMIC	human metagenome	ILLUMINA	2017-10-10T00:00:00Z	SRP114751	mMetagenome	Saliva	79.39	4906958.0	429.0	599554.0	54555.0	150882217.0	87.0	5614.0	298134517.0	54221279.0	186523665.0	535835392.0	149760590.0	metagenome	human metagenome	WGS	METAGENOMIC	
	SRR5892210	modern_metagenome	available_unitigs					Oral	Homo sapiens	oral				0.2447306709364056	WGS	PRJNA396840	SAMN07440130	NTU	public	fastq,sra	gs,ncbi,s3	gs.US,ncbi.public,s3.us-east-1	SRX3057947	Illumina HiSeq 2500	PAIRED	size fractionation	METAGENOMIC	human metagenome	ILLUMINA	2017-10-10T00:00:00Z	SRP114751	mMetagenome	Saliva	66.51	6018951.0	329.0	1039392.0	41444.0	190255885.0	63.0	7578.0	451429013.0	74541989.0	255502448.0	895764042.0	250828798.0	metagenome	human metagenome	WGS	METAGENOMIC	
	SRR5892215	modern_metagenome	available_unitigs					Oral	Homo sapiens	oral				0.2212609834969043	WGS	PRJNA396840	SAMN07440133	NTU	public	fastq,sra	gs,ncbi,s3	gs.US,ncbi.public,s3.us-east-1	SRX3057942	Illumina HiSeq 2500	PAIRED	size fractionation	METAGENOMIC	human metagenome	ILLUMINA	2017-10-10T00:00:00Z	SRP114751	mMetagenome	Saliva	71.5	6212959.0	354.0	857211.0	93966.0	188820246.0	73.0	13126.0	427775068.0	69734464.0	239483727.0	809402292.0	226954145.0	metagenome	human metagenome	WGS	METAGENOMIC	
	SRR7448290	modern_metagenome	available_unitigs					Oral	Homo sapiens	oral				0.5988465957343578	WGS	PRJNA478018	SAMN09489426	J. CRAIG VENTER INSTITUTE	public	fastq,sra	gs,ncbi,s3	gs.US,ncbi.public,s3.us-east-1	SRX4318852	NextSeq 500	PAIRED	RANDOM	METAGENOMIC	human oral metagenome	ILLUMINA	2018-06-28T00:00:00Z	SRP151559	mMetagenome	Saliva	61.77	33977611.0	197.0	2723316.0	41945.0	397150717.0	64.0	6490.0	1136360143.0	155085339.0	556703984.0	2334210904.0	613183168.0	Bacterial DNA sequence reads from human saliva	human oral metagenome	WGS	METAGENOMIC	saliva
	SRR7448291	modern_metagenome	available_unitigs					Oral	Homo sapiens	oral				0.8941975422203541	WGS	PRJNA478018	SAMN09489426	J. CRAIG VENTER INSTITUTE	public	fastq,sra	gs,ncbi,s3	gs.US,ncbi.public,s3.us-east-1	SRX4318851	NextSeq 500	PAIRED	RANDOM	METAGENOMIC	human oral metagenome	ILLUMINA	2018-06-28T00:00:00Z	SRP151559	mMetagenome	Saliva	64.03	31509401.0	179.0	5279925.0	44320.0	675891522.0	80.0	6263.0	1801076671.0	263011786.0	987345866.0	3638037723.0	915550329.0	Bacterial DNA sequence reads from human saliva	human oral metagenome	WGS	METAGENOMIC	saliva
	SRR7448292	modern_metagenome	available_unitigs					Oral	Homo sapiens	oral				0.5738171674311161	WGS	PRJNA478018	SAMN09489426	J. CRAIG VENTER INSTITUTE	public	fastq,sra	gs,ncbi,s3	gs.US,ncbi.public,s3.us-east-1	SRX4318850	NextSeq 500	PAIRED	RANDOM	METAGENOMIC	human oral metagenome	ILLUMINA	2018-06-28T00:00:00Z	SRP151559	mMetagenome	Saliva	64.5	16188903.0	170.0	3909769.0	22941.0	421635267.0	82.0	7416.0	1204825153.0	171719587.0	664493790.0	2362486466.0	587624780.0	Bacterial DNA sequence reads from human saliva	human oral metagenome	WGS	METAGENOMIC	saliva
	SRR7687997	modern_metagenome	available_unitigs					Skin	Homo sapiens	soft tissue				0.4368255510926246	WGS	PRJNA471898	SAMN09715306	NISC	public	fastq,sra	gs,ncbi,s3	gs.US,ncbi.public,s3.us-east-1	SRX4548360	Illumina HiSeq 2500	PAIRED	RANDOM	METAGENOMIC	human skin metagenome	ILLUMINA	2018-10-12T00:00:00Z	SRP157584	mMetagenome	Not applicable	41.91	16588845.0	33.0	2195780.0	1690.0	90248167.0	41.0	468.0	803358180.0	51103793.0	243937012.0	2056168634.0	441730320.0	MIMS Environmental/Metagenome sample from human skin metagenome	human skin metagenome	WGS	METAGENOMIC	
	SRR7992620	modern_metagenome	available_unitigs					Skin	Homo sapiens	soft tissue				0.0936014866456389	WGS	PRJNA471898	SAMN10173381	NISC	public	fastq,sra	gs,ncbi,s3	gs.US,ncbi.public,s3.us-east-1	SRX4823681	Illumina HiSeq 2500	PAIRED	RANDOM	METAGENOMIC	human skin metagenome	ILLUMINA	2018-10-12T00:00:00Z	SRP157584	mMetagenome	Not applicable	38.22	21406093.0	60.0	207523.0	3607.0	12808144.0	34.0	855.0	149029435.0	6296482.0	27464289.0	434145188.0	93146555.0	MIMS Environmental/Metagenome sample from human skin metagenome	human skin metagenome	WGS	METAGENOMIC	
	SRR7992621	modern_metagenome	available_unitigs					Skin	Homo sapiens	soft tissue				0.0964035913348198	WGS	PRJNA471898	SAMN10173381	NISC	public	fastq,sra	gs,ncbi,s3	gs.US,ncbi.public,s3.us-east-1	SRX4823681	Illumina HiSeq 2500	PAIRED	RANDOM	METAGENOMIC	human skin metagenome	ILLUMINA	2018-10-12T00:00:00Z	SRP157584	mMetagenome	Not applicable	38.1	20812370.0	45.0	312296.0	2800.0	16413546.0	34.0	1030.0	153446433.0	8391109.0	38271742.0	448130667.0	95831138.0	MIMS Environmental/Metagenome sample from human skin metagenome	human skin metagenome	WGS	METAGENOMIC	
	SRR7992810	modern_metagenome	available_unitigs					Skin	Homo sapiens	soft tissue				0.063304397277534	WGS	PRJNA471898	SAMN10173402	NISC	public	fastq,sra	gs,ncbi,s3	gs.US,ncbi.public,s3.us-east-1	SRX4823838	Illumina HiSeq 2500	PAIRED	RANDOM	METAGENOMIC	human skin metagenome	ILLUMINA	2018-10-12T00:00:00Z	SRP157584	mMetagenome	Not applicable	35.85	15142399.0	32.0	252199.0	1406.0	9118633.0	33.0	494.0	100334742.0	5372198.0	27030946.0	306368739.0	63207566.0	MIMS Environmental/Metagenome sample from human skin metagenome	human skin metagenome	WGS	METAGENOMIC	
	SRR988077	modern_metagenome	available_unitigs					soil	Not applicable - env sample	Not applicable - env sample				0.4387991316616535	WGS	PRJNA219368	SAMN02354096	GEORGIA TECH	public	fastq,sra	gs,ncbi,s3	gs.US,ncbi.public,s3.us-east-1	SRX352022	Illumina HiSeq 2000	PAIRED		METAGENOMIC	soil metagenome	ILLUMINA	2015-07-22T00:00:00Z	SRP029969	mMetagenome	Not applicable	59.41	23571226.0	157.0	208460.0	3181.0	17045499.0	71.0	906.0	1136874302.0	7007135.0	28927039.0	1925054732.0	455210228.0	MIMS Environmental/Metagenome sample from environment-soil	soil metagenome	WGS	METAGENOMIC	
	SRR988078	modern_metagenome	available_unitigs					soil	Not applicable - env sample	Not applicable - env sample				0.3418141696602106	WGS	PRJNA219368	SAMN02354096	GEORGIA TECH	public	fastq,sra	gs,ncbi,s3	gs.US,ncbi.public,s3.us-east-1	SRX352022	Illumina HiSeq 2000	PAIRED		METAGENOMIC	soil metagenome	ILLUMINA	2015-07-22T00:00:00Z	SRP029969	mMetagenome	Not applicable	59.58	19905076.0	143.0	213678.0	2293.0	14372981.0	71.0	886.0	891289180.0	6118589.0	26726980.0	1497095803.0	354819936.0	MIMS Environmental/Metagenome sample from environment-soil	soil metagenome	WGS	METAGENOMIC	
	SRR988079	modern_metagenome	available_unitigs					soil	Not applicable - env sample	Not applicable - env sample				1.930334302596748	WGS	PRJNA219368	SAMN02354096	GEORGIA TECH	public	fastq,sra	gs,ncbi,s3	gs.US,ncbi.public,s3.us-east-1	SRX352022	Illumina HiSeq 2000	PAIRED		METAGENOMIC	soil metagenome	ILLUMINA	2015-07-22T00:00:00Z	SRP029969	mMetagenome	Not applicable	55.91	95040835.0	124.0	2884268.0	2679.0	206397030.0	65.0	1518.0	4571604431.0	95617867.0	381909757.0	8340475344.0	1993492948.0	MIMS Environmental/Metagenome sample from environment-soil	soil metagenome	WGS	METAGENOMIC	
	SRR988082	modern_metagenome	available_unitigs					soil	Not applicable - env sample	Not applicable - env sample				1.1219782754778862	WGS	PRJNA219368	SAMN02354108	GEORGIA TECH	public	fastq,sra	gs,ncbi,s3	gs.US,ncbi.public,s3.us-east-1	SRX352040	Illumina HiSeq 2000	PAIRED		METAGENOMIC	soil metagenome	ILLUMINA	2015-07-22T00:00:00Z	SRP029969	mMetagenome	Not applicable	57.42	56722675.0	165.0	556972.0	2963.0	59942433.0	68.0	888.0	2757068039.0	23922230.0	90459032.0	4872475802.0	1160376129.0	MIMS Environmental/Metagenome sample from environment-soil	soil metagenome	WGS	METAGENOMIC	
	SRR988085	modern_metagenome	available_unitigs					soil	Not applicable - env sample	Not applicable - env sample				0.5071444315835834	WGS	PRJNA219368	SAMN02354106	GEORGIA TECH	public	fastq,sra	gs,ncbi,s3	gs.US,ncbi.public,s3.us-east-1	SRX352038	Illumina HiSeq 2000	PAIRED		METAGENOMIC	soil metagenome	ILLUMINA	2015-07-22T00:00:00Z	SRP029969	mMetagenome	Not applicable	58.46	28954280.0	152.0	192256.0	2019.0	13987212.0	69.0	1010.0	1297124198.0	5999340.0	25385779.0	2213810640.0	526025464.0	MIMS Environmental/Metagenome sample from environment-soil	soil metagenome	WGS	METAGENOMIC	
	SRR988086	modern_metagenome	available_unitigs					soil	Not applicable - env sample	Not applicable - env sample				0.505218368023634	WGS	PRJNA219368	SAMN02354105	GEORGIA TECH	public	fastq,sra	gs,ncbi,s3	gs.US,ncbi.public,s3.us-east-1	SRX352037	Illumina HiSeq 2000	PAIRED		METAGENOMIC	soil metagenome	ILLUMINA	2015-07-22T00:00:00Z	SRP029969	mMetagenome	Not applicable	58.02	29162543.0	52.0	408465.0	1523.0	21737683.0	69.0	758.0	1290978117.0	10213576.0	46530256.0	2212391974.0	523848933.0	MIMS Environmental/Metagenome sample from environment-soil	soil metagenome	WGS	METAGENOMIC	
	SRR988087	modern_metagenome	available_unitigs					soil	Not applicable - env sample	Not applicable - env sample				0.9848168613389134	WGS	PRJNA219368	SAMN02354104	GEORGIA TECH	public	fastq,sra	gs,ncbi,s3	gs.US,ncbi.public,s3.us-east-1	SRX352036	Illumina HiSeq 2000	PAIRED		METAGENOMIC	soil metagenome	ILLUMINA	2015-07-22T00:00:00Z	SRP029969	mMetagenome	Not applicable	57.73	51957318.0	94.0	891779.0	2660.0	55621925.0	68.0	1838.0	2456949734.0	25106333.0	108573582.0	4270616807.0	1019792098.0	MIMS Environmental/Metagenome sample from environment-soil	soil metagenome	WGS	METAGENOMIC	
	SRR988088	modern_metagenome	available_unitigs					soil	Not applicable - env sample	Not applicable - env sample				1.0329159554094076	WGS	PRJNA219368	SAMN02354103	GEORGIA TECH	public	fastq,sra	gs,ncbi,s3	gs.US,ncbi.public,s3.us-east-1	SRX352035	Illumina HiSeq 2000	PAIRED		METAGENOMIC	soil metagenome	ILLUMINA	2015-07-22T00:00:00Z	SRP029969	mMetagenome	Not applicable	57.46	55033514.0	158.0	672159.0	3135.0	55176616.0	68.0	1384.0	2557431581.0	23213168.0	94494187.0	4478054228.0	1068784528.0	MIMS Environmental/Metagenome sample from environment-soil	soil metagenome	WGS	METAGENOMIC	
	SRR988090	modern_metagenome	available_unitigs					soil	Not applicable - env sample	Not applicable - env sample				1.6704510925337672	WGS	PRJNA219368	SAMN02354101	GEORGIA TECH	public	fastq,sra	gs,ncbi,s3	gs.US,ncbi.public,s3.us-east-1	SRX352031	Illumina HiSeq 2000	PAIRED		METAGENOMIC	soil metagenome	ILLUMINA	2015-07-22T00:00:00Z	SRP029969	mMetagenome	Not applicable	57.96	88140175.0	172.0	870131.0	23690.0	112980562.0	68.0	1419.0	4069043568.0	42502764.0	157748704.0	7184422754.0	1727356825.0	MIMS Environmental/Metagenome sample from environment-soil	soil metagenome	WGS	METAGENOMIC	
	SRR988091	modern_metagenome	available_unitigs					soil	Not applicable - env sample	Not applicable - env sample				1.1053989101201296	WGS	PRJNA219368	SAMN02354100	GEORGIA TECH	public	fastq,sra	gs,ncbi,s3	gs.US,ncbi.public,s3.us-east-1	SRX352030	Illumina HiSeq 2000	PAIRED		METAGENOMIC	soil metagenome	ILLUMINA	2015-07-22T00:00:00Z	SRP029969	mMetagenome	Not applicable	58.21	67447483.0	169.0	720707.0	9640.0	94583913.0	68.0	1369.0	2655366644.0	36591111.0	131350173.0	4630910534.0	1143836638.0	MIMS Environmental/Metagenome sample from environment-soil	soil metagenome	WGS	METAGENOMIC	
	SRR988092	modern_metagenome	available_unitigs					soil	Not applicable - env sample	Not applicable - env sample				1.7559384973719716	WGS	PRJNA219368	SAMN02354099	GEORGIA TECH	public	fastq,sra	gs,ncbi,s3	gs.US,ncbi.public,s3.us-east-1	SRX352029	Illumina HiSeq 2000	PAIRED		METAGENOMIC	soil metagenome	ILLUMINA	2015-07-22T00:00:00Z	SRP029969	mMetagenome	Not applicable	57.97	75181337.0	87.0	3275313.0	3535.0	202607589.0	69.0	1388.0	4145391804.0	98349548.0	407216498.0	7481692910.0	1813242324.0	MIMS Environmental/Metagenome sample from environment-soil	soil metagenome	WGS	METAGENOMIC	
	SRR988094	modern_metagenome	available_unitigs					soil	Not applicable - env sample	Not applicable - env sample				0.904937731102109	WGS	PRJNA219368	SAMN02354097	GEORGIA TECH	public	fastq,sra	gs,ncbi,s3	gs.US,ncbi.public,s3.us-east-1	SRX352027	Illumina HiSeq 2000	PAIRED		METAGENOMIC	soil metagenome	ILLUMINA	2015-07-22T00:00:00Z	SRP029969	mMetagenome	Not applicable	57.22	48316398.0	85.0	820932.0	1773.0	50079163.0	68.0	1273.0	2257134163.0	23414340.0	98900590.0	3954201343.0	937003984.0	MIMS Environmental/Metagenome sample from environment-soil	soil metagenome	WGS	METAGENOMIC	
	SRR988095	modern_metagenome	available_unitigs					soil	Not applicable - env sample	Not applicable - env sample				0.3414435693994164	WGS	PRJNA219368	SAMN02354095	GEORGIA TECH	public	sra	gs,ncbi,s3	gs.US,ncbi.public,s3.us-east-1	SRX352025	Illumina HiSeq 2000	PAIRED		METAGENOMIC	soil metagenome	ILLUMINA	2015-07-22T00:00:00Z	SRP029969	mMetagenome	Not applicable	59.58	19905076.0	162.0	107371.0	3202.0	10560906.0	71.0	886.0	891289180.0	4114430.0	16375711.0	1497083624.0	354498085.0	MIMS Environmental/Metagenome sample from environment-soil	soil metagenome	WGS	METAGENOMIC	
	SRR988096	modern_metagenome	available_unitigs					soil	Not applicable - env sample	Not applicable - env sample				1.9199955631047487	WGS	PRJNA219368	SAMN02354096	GEORGIA TECH	public	sra	gs,ncbi,s3	gs.US,ncbi.public,s3.us-east-1	SRX352026	Illumina HiSeq 2000	PAIRED		METAGENOMIC	soil metagenome	ILLUMINA	2015-07-22T00:00:00Z	SRP029969	mMetagenome	Not applicable	56.29	95040835.0	149.0	2733670.0	3371.0	203826220.0	66.0	1827.0	4569720488.0	93104633.0	368355799.0	8285313750.0	1983043204.0	MIMS Environmental/Metagenome sample from environment-soil	soil metagenome	WGS	METAGENOMIC	
	SRR988097	modern_metagenome	available_unitigs					soil	Not applicable - env sample	Not applicable - env sample				0.4387739105150103	WGS	PRJNA219368	SAMN02354094	GEORGIA TECH	public	sra	gs,ncbi,s3	gs.US,ncbi.public,s3.us-east-1	SRX352024	Illumina HiSeq 2000	PAIRED		METAGENOMIC	soil metagenome	ILLUMINA	2015-07-22T00:00:00Z	SRP029969	mMetagenome	Not applicable	59.41	23571226.0	166.0	128330.0	8027.0	13975778.0	71.0	906.0	1136874302.0	5292688.0	20887022.0	1925052332.0	455151573.0	MIMS Environmental/Metagenome sample from environment-soil	soil metagenome	WGS	METAGENOMIC	
