dim	activation_sd	eta2_feature	rho_log_abundance	p_log_abundance	rho_mean_fraction	p_mean_fraction	best_task	best_eta2	max_abs_rho_depth	depth_dominated
0	0.5509815216064453	0.7329868078231812	0.6127949082292032	8.287630664020303e-280	0.5857387168675994	5.92508958339385e-250	feature	0.7329868078231812	0.6127949082292032	False
1	0.2128000408411026	0.7661563158035278	0.026800919758668926	0.16261073156393305	0.13898347664344318	3.4601292900249725e-13	feature	0.7661563158035278	0.13898347664344318	False
2	0.44147178530693054	0.8037037253379822	0.6204209709298912	9.337971968663966e-289	0.6203897366649862	1.0172018677618042e-288	feature	0.8037037253379822	0.6204209709298912	False
3	0.3625938594341278	0.6463634371757507	0.5794225898134643	2.202836426390403e-243	0.5956466627591618	1.4780070838216007e-260	feature	0.6463634371757507	0.5956466627591618	False
4	0.034560102969408035	0.6451415419578552	0.42528446635258566	9.500227411697801e-120	0.5008218140907387	1.9788675851681352e-172	feature	0.6451415419578552	0.5008218140907387	False
5	0.13241970539093018	0.7519360184669495	-0.6090549934959721	1.6513030140246677e-275	-0.6524687973167673	0.0	feature	0.7519360184669495	0.6524687973167673	False
6	0.603860080242157	0.758165717124939	0.7020959560793741	0.0	0.6538334085048528	0.0	feature	0.758165717124939	0.7020959560793741	False
7	0.4047960042953491	0.8166022896766663	0.5557014028151253	6.007654845001116e-220	0.6296133020430711	7.077494224843313e-300	feature	0.8166022896766663	0.6296133020430711	False
8	0.4515475928783417	0.7260754704475403	0.4061427735667412	2.178053339050718e-108	0.36344618124207045	1.3540822168763936e-85	feature	0.7260754704475403	0.4061427735667412	False
9	0.46702659130096436	0.7638422846794128	0.07220951987015659	0.00016561659154178454	0.07294784688757741	0.00014179516239651212	feature	0.7638422846794128	0.07294784688757741	False
10	0.12459979951381683	0.7786316871643066	-0.4771065343542093	1.925351783240353e-154	-0.48961334247831995	9.43877596386945e-164	feature	0.7786316871643066	0.48961334247831995	False
11	0.2930198013782501	0.7698060870170593	-0.5899257517244615	2.171623339210053e-254	-0.6130900002903809	3.7733969329584794e-280	feature	0.7698060870170593	0.6130900002903809	False
12	0.2894098162651062	0.8524811267852783	-0.08156279455051263	2.0830174586895293e-05	0.012140155210316627	0.5271128838611099	feature	0.8524811267852783	0.08156279455051263	False
13	0.5037692785263062	0.7332883477210999	0.5563053896132941	1.6043332212585513e-220	0.4786639688124044	1.4002372419198003e-155	feature	0.7332883477210999	0.5563053896132941	False
14	0.5063076615333557	0.6920216083526611	0.7607889945741856	0.0	0.7783331562776344	0.0	feature	0.6920216083526611	0.7783331562776344	False
15	0.4420328438282013	0.7675850987434387	0.5223822539680524	4.608261698032112e-190	0.45565487050375997	2.385642268610867e-139	feature	0.7675850987434387	0.5223822539680524	False
16	0.29667526483535767	0.7953047752380371	-0.45391919687394994	3.56678132169678e-138	-0.5412053911154809	1.5635583942329567e-206	feature	0.7953047752380371	0.5412053911154809	False
17	0.3995445668697357	0.7109689712524414	-0.2969309072776876	2.066561560817613e-56	-0.3472650934047227	8.108947555700951e-78	feature	0.7109689712524414	0.3472650934047227	False
18	0.34358876943588257	0.8360229730606079	0.20907851320330134	3.3044945742710202e-28	0.330654302435231	2.683231822671321e-70	feature	0.8360229730606079	0.330654302435231	False
19	0.11459067463874817	0.7246725559234619	-0.449937441491757	1.6651993681943528e-135	-0.5602973185464708	2.4301668668703617e-224	feature	0.7246725559234619	0.5602973185464708	False
20	0.09762777388095856	0.6237179636955261	-0.42513652790199424	1.1705592613898099e-119	-0.42614175791540276	2.827981534990142e-120	feature	0.6237179636955261	0.42614175791540276	False
21	0.2817399203777313	0.7024125456809998	0.10568128707933225	3.379649180076331e-08	0.06936435725520143	0.0002973073111363817	feature	0.7024125456809998	0.10568128707933225	False
22	0.27211230993270874	0.8381093144416809	-0.6728549049433434	0.0	-0.6867722228130767	0.0	feature	0.8381093144416809	0.6867722228130767	False
23	0.27868497371673584	0.7820343971252441	-0.3468790835466958	1.2273898161617098e-77	-0.3442491763690632	2.0356979817471875e-76	feature	0.7820343971252441	0.3468790835466958	False
24	0.3704703152179718	0.761608362197876	-0.5804954308526088	1.7262788880583038e-244	-0.5845515482016079	1.0439443536609128e-248	feature	0.761608362197876	0.5845515482016079	False
25	0.312061071395874	0.8760002255439758	-0.6956760512520127	0.0	-0.7596685035279408	0.0	feature	0.8760002255439758	0.7596685035279408	False
26	0.45551106333732605	0.7424818277359009	0.0715267604013292	0.00019094965768872305	0.0044646106016216006	0.8160965834394425	feature	0.7424818277359009	0.0715267604013292	False
27	0.27455875277519226	0.8664037585258484	-0.524643948258596	5.485241527320384e-192	-0.5803973899896739	2.1794214150802166e-244	feature	0.8664037585258484	0.5803973899896739	False
28	0.4228091239929199	0.7561020255088806	0.5862361499460781	1.7745304140473217e-250	0.6224052515355899	3.992147014517029e-291	feature	0.7561020255088806	0.6224052515355899	False
29	0.09787139296531677	0.4271937906742096	0.24467364464053504	2.588461170685133e-38	0.2719196767358595	3.004487682378346e-47	feature	0.4271937906742096	0.2719196767358595	False
30	0.3559854030609131	0.8840592503547668	-0.5838159824497755	6.139069109404652e-248	-0.6167247593147586	2.1778354274413805e-284	feature	0.8840592503547668	0.6167247593147586	False
31	0.2693467438220978	0.795991837978363	-0.6445430412985282	9.26838e-319	-0.6198304721313369	4.698576150462152e-288	feature	0.795991837978363	0.6445430412985282	False
32	0.27913764119148254	0.8534526228904724	-0.6229700166387416	8.390760819812134e-292	-0.5936365023130793	2.242605394130518e-258	feature	0.8534526228904724	0.6229700166387416	False
33	0.5438036322593689	0.6952665448188782	0.6792085860430336	0.0	0.6271835610529686	6.693264891827988e-297	feature	0.6952665448188782	0.6792085860430336	False
34	0.4855974316596985	0.8690969347953796	0.40645929454676977	1.4327819658097405e-108	0.51433940914236	2.4547877981243715e-183	feature	0.8690969347953796	0.51433940914236	False
35	0.43947118520736694	0.7183243632316589	-0.5134635845544498	1.2931317576158868e-182	-0.6228483031180835	1.174648087811506e-291	feature	0.7183243632316589	0.6228483031180835	False
36	0.5496432781219482	0.7563210129737854	0.5921557374957231	8.863236900806453e-257	0.6509155333216483	0.0	feature	0.7563210129737854	0.6509155333216483	False
37	0.2690931260585785	0.7955382466316223	-0.3533575131726232	1.0813091335475549e-80	-0.3495325456575794	7.020856346863403e-79	feature	0.7955382466316223	0.3533575131726232	False
38	0.4136912226676941	0.721934974193573	0.3090908093735675	3.279044656555889e-61	0.20209755993987566	1.9948959069685754e-26	feature	0.721934974193573	0.3090908093735675	False
39	0.4711102843284607	0.8139781355857849	0.4966876560668004	3.428706303377172e-169	0.4555586791134812	2.7725801108402896e-139	feature	0.8139781355857849	0.4966876560668004	False
40	0.218279629945755	0.866492509841919	0.3581047876183407	5.614345752814171e-83	0.41466707670001574	2.3455677249887392e-113	feature	0.866492509841919	0.41466707670001574	False
41	0.28263571858406067	0.8701436519622803	0.1638862102345077	8.310916583476886e-18	0.21064772030024206	1.2878542393960745e-28	feature	0.8701436519622803	0.21064772030024206	False
42	0.4375021755695343	0.7721524834632874	-0.44882725100332305	9.107055380634652e-135	-0.4687227667104938	2.050378948256845e-148	feature	0.7721524834632874	0.4687227667104938	False
43	0.2521381676197052	0.6995581388473511	-0.4247002707256038	2.1650901053894768e-119	-0.44859314507238657	1.3020631894966037e-134	feature	0.6995581388473511	0.44859314507238657	False
44	0.5193048119544983	0.7454115748405457	0.5906135277158284	3.998491349420683e-255	0.5241240694513787	1.523422119740401e-191	feature	0.7454115748405457	0.5906135277158284	False
45	0.3421449065208435	0.7568869590759277	0.5765202525624111	2.0613648157352115e-240	0.5282079532251605	4.753958292326926e-195	feature	0.7568869590759277	0.5765202525624111	False
46	0.4536854028701782	0.755062997341156	0.38060561858601316	2.3864462499838577e-94	0.3115214770649155	3.377751515332715e-62	feature	0.755062997341156	0.38060561858601316	False
47	0.20724351704120636	0.7520942091941833	-0.560503123795189	1.5392138920571141e-224	-0.5770878837581574	5.4375914020365695e-241	feature	0.7520942091941833	0.5770878837581574	False
48	0.28612008690834045	0.8446604609489441	-0.05956142457087989	0.0019003013739077158	0.002947797327294913	0.8779607550386287	feature	0.8446604609489441	0.05956142457087989	False
49	0.2444927841424942	0.80191969871521	0.49378077336896165	6.107615547510725e-167	0.5114169190340648	6.162800260037848e-181	feature	0.80191969871521	0.5114169190340648	False
50	0.3721173107624054	0.7177098393440247	-0.5706662867058881	1.6484266417751396e-234	-0.6857135278517749	0.0	feature	0.7177098393440247	0.6857135278517749	False
51	0.2759699523448944	0.8854576945304871	-0.17695906942010114	1.522158945587701e-20	-0.18096929276970464	1.990799956865773e-21	feature	0.8854576945304871	0.18096929276970464	False
52	0.4073435068130493	0.7304502129554749	0.3317637806456021	8.724041782449448e-71	0.38524058814230905	8.338649327707711e-97	feature	0.7304502129554749	0.38524058814230905	False
53	0.06881817430257797	0.7127465605735779	-0.6712330623977073	0.0	-0.6810654537631698	0.0	feature	0.7127465605735779	0.6810654537631698	False
54	0.2296099066734314	0.7735248804092407	-0.5664151973650187	2.690031564671382e-230	-0.5810130651067396	5.035771922721579e-245	feature	0.7735248804092407	0.5810130651067396	False
55	0.5700216889381409	0.754406750202179	0.5102253517233026	5.774632721934552e-180	0.4572508316899855	1.9564471894434273e-140	feature	0.754406750202179	0.5102253517233026	False
56	0.2917618453502655	0.8810396790504456	-0.5511027676763692	1.276835512127453e-215	-0.5109464042881903	1.4926341048254298e-180	feature	0.8810396790504456	0.5511027676763692	False
57	0.505098283290863	0.8312298655509949	-0.50580867303084	2.1376305007124758e-176	-0.5975403354283223	1.2613061977221022e-262	feature	0.8312298655509949	0.5975403354283223	False
58	0.2632030248641968	0.7607386112213135	-0.767212374521095	0.0	-0.7527414153167207	0.0	feature	0.7607386112213135	0.767212374521095	False
59	0.22170358896255493	0.7497069239616394	-0.7266673964807038	0.0	-0.712030533489596	0.0	feature	0.7497069239616394	0.7266673964807038	False
60	0.21191784739494324	0.8384026885032654	-0.6184831287919492	1.8512327946050911e-286	-0.706107393631892	0.0	feature	0.8384026885032654	0.706107393631892	False
61	0.5006054639816284	0.792086660861969	0.514578912254253	1.5570755824738795e-183	0.4654321256698379	4.285518173116249e-146	feature	0.792086660861969	0.514578912254253	False
62	0.5093924403190613	0.844289243221283	-0.46707621241032227	2.99202572769161e-147	-0.5429703259421237	3.941980433723342e-208	feature	0.844289243221283	0.5429703259421237	False
63	0.4265958368778229	0.7315400838851929	-0.4406760095132932	1.9684072086350647e-129	-0.49676744756950136	2.971953167079485e-169	feature	0.7315400838851929	0.49676744756950136	False
64	0.2793499827384949	0.7860535383224487	-0.38208676431030575	3.953941413777378e-95	-0.32645811037152056	1.802385122453663e-68	feature	0.7860535383224487	0.38208676431030575	False
65	0.34851399064064026	0.7624559998512268	0.44686768487606554	1.7996091306163877e-133	0.39615151028830625	9.530701252864214e-103	feature	0.7624559998512268	0.44686768487606554	False
66	0.4863591492176056	0.850600004196167	-0.14808194511759606	8.725396982047485e-15	-0.16844288210519529	9.777984386140303e-19	feature	0.850600004196167	0.16844288210519529	False
67	0.3615265488624573	0.8701838850975037	-0.5421986868542946	1.9756734581169434e-207	-0.5227563784521554	2.2193281649892458e-190	feature	0.8701838850975037	0.5421986868542946	False
68	0.05278604105114937	0.6649297475814819	-0.616094946918014	1.19252512175821e-283	-0.5683636682486822	3.210126099048295e-232	feature	0.6649297475814819	0.616094946918014	False
69	0.3758351504802704	0.8066864609718323	-0.46129221769377915	3.274122657385773e-143	-0.5655129323741118	2.0701010561087448e-229	feature	0.8066864609718323	0.5655129323741118	False
70	0.17476394772529602	0.7309789061546326	-0.5808061156442754	8.243119769866664e-245	-0.5572604375921743	1.9778132666023813e-221	feature	0.7309789061546326	0.5808061156442754	False
71	0.236212357878685	0.6867634654045105	-0.3260599498961583	2.6774891145471405e-68	-0.46753743592868674	1.414224684493285e-147	feature	0.6867634654045105	0.46753743592868674	False
72	0.23436039686203003	0.5373446345329285	-0.46772922552664453	1.0352407915671808e-147	-0.5746577711183447	1.603826734886747e-238	feature	0.5373446345329285	0.5746577711183447	False
73	0.2985094487667084	0.7435824275016785	0.6062931868570806	2.2702901278676875e-272	0.5902464681842767	9.870050476059738e-255	feature	0.7435824275016785	0.6062931868570806	False
74	0.3407804071903229	0.6035786867141724	0.3290836716594982	1.3060216549812645e-69	0.28899682430353646	2.1081531070821806e-53	feature	0.6035786867141724	0.3290836716594982	False
75	0.6853880882263184	0.7557042241096497	0.6193105603265946	1.943376212795524e-287	0.5753041328547174	3.550387758343646e-239	feature	0.7557042241096497	0.6193105603265946	False
76	0.3426153361797333	0.8152031302452087	0.5571521771804929	2.508343110597473e-221	0.6791646721328282	0.0	feature	0.8152031302452087	0.6791646721328282	False
77	0.3857989013195038	0.7732722163200378	-0.5448002390919386	8.479635945360491e-210	-0.6248191405691007	4.967145655953536e-294	feature	0.7732722163200378	0.6248191405691007	False
78	0.469434916973114	0.7214885950088501	0.4266787622389213	1.3214583822779887e-120	0.35306614348753296	1.4890199417923336e-80	feature	0.7214885950088501	0.4266787622389213	False
79	0.7916139364242554	0.6811537146568298	0.7079873396657156	0.0	0.7596764351496816	0.0	feature	0.6811537146568298	0.7596764351496816	False
80	0.6557089686393738	0.7353150248527527	0.5467007237766011	1.5338567839206677e-211	0.5298784181288896	1.6950181126605363e-196	feature	0.7353150248527527	0.5467007237766011	False
81	0.45717325806617737	0.7400152683258057	0.6598118421227478	0.0	0.6367390278904907	9.285995498225363e-309	feature	0.7400152683258057	0.6598118421227478	False
82	0.4404187798500061	0.7501135468482971	0.4327047234534208	2.354422844851106e-124	0.39117060816153365	5.243067780560382e-100	feature	0.7501135468482971	0.4327047234534208	False
83	0.21344582736492157	0.8517904281616211	-0.4880848772362384	1.3599224794130146e-162	-0.4168559159051016	1.1780718664383338e-114	feature	0.8517904281616211	0.4880848772362384	False
84	0.09514916688203812	0.8727309107780457	-0.6972997131143719	0.0	-0.6197445884053472	5.941558247056159e-288	feature	0.8727309107780457	0.6972997131143719	False
85	0.3850876986980438	0.7762163281440735	0.6917527829344092	0.0	0.6414423741672536	9.44967622e-315	feature	0.7762163281440735	0.6917527829344092	False
86	0.21874521672725677	0.6911323666572571	-0.2154115523204777	7.035099738701282e-30	-0.17726468845627635	1.3057525976302358e-20	feature	0.6911323666572571	0.2154115523204777	False
87	0.5123390555381775	0.8757206201553345	-0.5255420585259454	9.353963150884993e-193	-0.5516978267032696	3.547888102774906e-216	feature	0.8757206201553345	0.5516978267032696	False
88	0.323699951171875	0.6017706394195557	-0.08898559809580797	3.4075481741845774e-06	-0.14517678218201607	2.898982019881908e-14	feature	0.6017706394195557	0.14517678218201607	False
89	0.33827751874923706	0.8544461131095886	-0.6400397421667277	5.93568989677e-313	-0.6305090101885815	5.574117543161542e-301	feature	0.8544461131095886	0.6400397421667277	False
90	0.4545162618160248	0.8673693537712097	-0.5263023391552115	2.0839129460241199e-193	-0.563152114501791	4.18740164113959e-227	feature	0.8673693537712097	0.563152114501791	False
91	0.3635534346103668	0.891987144947052	-0.3865953551830934	1.5685290557008892e-97	-0.3695518735807797	1.1956387124460272e-88	feature	0.891987144947052	0.3865953551830934	False
92	0.437545508146286	0.7663934826850891	0.43197918563430704	6.719465668850694e-124	0.4143688579047443	3.5196006537567047e-113	feature	0.7663934826850891	0.43197918563430704	False
93	0.6646522283554077	0.8181002140045166	0.5777955250052739	1.0287567050427418e-241	0.5338894986098702	5.238690543584197e-200	feature	0.8181002140045166	0.5777955250052739	False
94	0.37026354670524597	0.7001396417617798	0.575499029506757	2.251765156119217e-239	0.5536347467009404	5.393226590622888e-218	feature	0.7001396417617798	0.575499029506757	False
95	0.49488943815231323	0.7647418975830078	0.4313609551584458	1.6388775176282423e-123	0.339022383786141	4.990705403620277e-74	feature	0.7647418975830078	0.4313609551584458	False
96	0.8788489699363708	0.7066850662231445	0.701296155398743	0.0	0.6456334475872489	3.5177e-320	feature	0.7066850662231445	0.701296155398743	False
97	0.24155226349830627	0.7782321572303772	-0.4880180611450313	1.527662933954553e-162	-0.4976730003894119	5.851219379351394e-170	feature	0.7782321572303772	0.4976730003894119	False
98	0.41118791699409485	0.7880862951278687	-0.33075400925285714	2.4259995160804715e-70	-0.2807353899483361	2.2663337757602426e-50	feature	0.7880862951278687	0.33075400925285714	False
99	0.7234030365943909	0.7706553339958191	0.7189631732383089	0.0	0.7065855025665686	0.0	feature	0.7706553339958191	0.7189631732383089	False
100	0.596839964389801	0.6606520414352417	0.7409622743877369	0.0	0.7603221341456764	0.0	feature	0.6606520414352417	0.7603221341456764	False
101	0.23030789196491241	0.7323184609413147	0.0061813131935648915	0.747456096938897	-0.06058585633097374	0.0015836800183078286	feature	0.7323184609413147	0.06058585633097374	False
102	0.25043103098869324	0.7192063331604004	-0.362097452012924	6.271226537317807e-85	-0.46255448179239295	4.3676256757932306e-144	feature	0.7192063331604004	0.46255448179239295	False
103	0.6482198238372803	0.7488607168197632	0.4703358973065735	1.4626194752911668e-149	0.38341921526745826	7.784326736999601e-96	feature	0.7488607168197632	0.4703358973065735	False
104	0.17399641871452332	0.706517219543457	-0.7570830718647653	0.0	-0.7482978261331272	0.0	feature	0.706517219543457	0.7570830718647653	False
105	0.35320547223091125	0.8882870078086853	-0.13327651994029532	3.0877054671404967e-12	-0.14727756648219797	1.2195899061779608e-14	feature	0.8882870078086853	0.14727756648219797	False
106	0.3316681683063507	0.7133919596672058	0.47935876071089284	4.329952507906283e-156	0.39005965793325315	2.1105764565816217e-99	feature	0.7133919596672058	0.47935876071089284	False
107	0.27347931265830994	0.7336003184318542	-0.6013616040974905	7.65038726336358e-267	-0.7135329997674061	0.0	feature	0.7336003184318542	0.7135329997674061	False
108	0.7421190142631531	0.766878068447113	0.7607523692578733	0.0	0.7609146408143022	0.0	feature	0.766878068447113	0.7609146408143022	False
109	0.21965675055980682	0.7784855961799622	-0.6720612321407021	0.0	-0.6231747124872393	4.763606978961972e-292	feature	0.7784855961799622	0.6720612321407021	False
110	0.4738583564758301	0.7459359169006348	0.14049388175016297	1.9091165122661414e-13	0.10194920832161704	1.0120809157619119e-07	feature	0.7459359169006348	0.14049388175016297	False
111	0.25762873888015747	0.750890851020813	-0.43812701711117147	8.563587820454191e-128	-0.4495310356097673	3.1039192520483963e-135	feature	0.750890851020813	0.4495310356097673	False
112	0.3653309643268585	0.6014084219932556	0.6907747988231352	0.0	0.7088182063201915	0.0	feature	0.6014084219932556	0.7088182063201915	False
113	0.36405789852142334	0.8122812509536743	0.1508894452061949	2.6724071493134915e-15	0.0806666424184946	2.5663084350393733e-05	feature	0.8122812509536743	0.1508894452061949	False
114	0.32464149594306946	0.5774862766265869	0.08476154117108334	9.720560437902387e-06	0.014164061604592508	0.46059896986120585	feature	0.5774862766265869	0.08476154117108334	False
115	0.12173637747764587	0.8955757021903992	-0.38982456390381826	2.8319829124478e-99	-0.37752237419377516	9.772428955297212e-93	feature	0.8955757021903992	0.38982456390381826	False
116	0.17247477173805237	0.8705868124961853	-0.618396980626269	2.339976268650449e-286	-0.5968698476062759	6.837778918146738e-262	feature	0.8705868124961853	0.618396980626269	False
117	0.253775417804718	0.7439736127853394	0.4887420581601055	4.3259641826465516e-163	0.40665359349529	1.1077169045723412e-108	feature	0.7439736127853394	0.4887420581601055	False
118	0.7564241290092468	0.7731073498725891	0.5193514861332952	1.6577243995674133e-187	0.4676866519397768	1.109486775981882e-147	feature	0.7731073498725891	0.5193514861332952	False
119	0.588087260723114	0.6349668502807617	0.6737072007726801	0.0	0.6758644718183958	0.0	feature	0.6349668502807617	0.6758644718183958	False
120	0.2723732590675354	0.7560088038444519	-0.11367565315586534	2.836793503648924e-09	-0.1942768539255936	1.6534056380316302e-24	feature	0.7560088038444519	0.1942768539255936	False
121	0.4830349087715149	0.7526923418045044	0.5240864134828521	1.640298830795865e-191	0.4796728525303265	2.5448959651956826e-156	feature	0.7526923418045044	0.5240864134828521	False
122	0.43541231751441956	0.7357451319694519	0.6535985338113653	0.0	0.6662566457957243	0.0	feature	0.7357451319694519	0.6662566457957243	False
123	0.37667837738990784	0.7946467995643616	-0.6079560489304326	2.953046621389714e-274	-0.5849473141149897	4.016773533601688e-249	feature	0.7946467995643616	0.6079560489304326	False
124	0.4050582945346832	0.7599374651908875	0.21195439654103507	5.842244759344094e-29	0.09394452071161355	9.364714473552074e-07	feature	0.7599374651908875	0.21195439654103507	False
125	0.337864488363266	0.7331627607345581	-0.5091531898957347	4.29140666449275e-179	-0.5431553625765115	2.676610575281069e-208	feature	0.7331627607345581	0.5431553625765115	False
126	0.2839130163192749	0.7657489776611328	-0.26392871065608875	1.6192474553134484e-44	-0.21495757578276078	9.309069237684477e-30	feature	0.7657489776611328	0.26392871065608875	False
127	0.27988243103027344	0.8461719751358032	-0.6662432732823055	0.0	-0.6093005452349068	8.655730904686836e-276	feature	0.8461719751358032	0.6662432732823055	False
128	0.16594742238521576	0.6482263207435608	0.5455889633530933	1.608939113299994e-210	0.675670244565182	0.0	feature	0.6482263207435608	0.675670244565182	False
129	0.20761877298355103	0.8576069474220276	-0.16246927036857306	1.5969909819878963e-17	-0.03648056806743887	0.057308336697242855	feature	0.8576069474220276	0.16246927036857306	False
130	0.260902464389801	0.8534210324287415	-0.4905659502775552	1.7776325376242234e-164	-0.4267618969346575	1.1744822164929867e-120	feature	0.8534210324287415	0.4905659502775552	False
131	0.47648894786834717	0.7192269563674927	0.5313525329798171	8.804844763413006e-198	0.4999302192480264	9.969371635186497e-172	feature	0.7192269563674927	0.5313525329798171	False
132	0.2779556214809418	0.6724234819412231	0.07966137977524428	3.23487679622205e-05	0.01444659923778753	0.4517017859326521	feature	0.6724234819412231	0.07966137977524428	False
133	0.1623147875070572	0.5290999412536621	0.8432670527785929	0.0	0.8544282098783466	0.0	feature	0.5290999412536621	0.8544282098783466	True
134	0.4311826229095459	0.857033371925354	-0.4516873534530367	1.1292132290487137e-136	-0.4663950047837591	9.030746038530953e-147	feature	0.857033371925354	0.4663950047837591	False
135	0.2588723599910736	0.7426367402076721	-0.5177076087422516	3.936127181129735e-186	-0.6184541999469386	2.0027775050360253e-286	feature	0.7426367402076721	0.6184541999469386	False
136	0.26431190967559814	0.7323530912399292	-0.7117884810700188	0.0	-0.7380349209273298	0.0	feature	0.7323530912399292	0.7380349209273298	False
137	0.03057190030813217	0.5863006711006165	-0.3064877750291806	3.652209952457522e-60	-0.24154930302977018	2.3446294159259466e-37	feature	0.5863006711006165	0.3064877750291806	False
138	0.1379217654466629	0.9003408551216125	-0.3570569519805502	1.8069484503328805e-82	-0.23685837066743967	6.044229883693347e-36	feature	0.9003408551216125	0.3570569519805502	False
139	0.40364062786102295	0.7079945206642151	-0.6757412807223463	0.0	-0.7407155988435821	0.0	feature	0.7079945206642151	0.7407155988435821	False
140	0.45035889744758606	0.8714600801467896	-0.3080266785939934	8.809931190775986e-61	-0.34207532623702824	2.0327565124117704e-75	feature	0.8714600801467896	0.34207532623702824	False
141	0.6246261596679688	0.7049645781517029	0.6792952585911963	0.0	0.6680199808215991	0.0	feature	0.7049645781517029	0.6792952585911963	False
142	0.07952938228845596	0.5546550154685974	0.476252528816367	8.057383253077064e-154	0.5886666268924611	4.759736539322599e-253	feature	0.5546550154685974	0.5886666268924611	False
143	0.4293800890445709	0.7142741680145264	0.3667589340704539	3.039895637222441e-87	0.40018203582501777	5.330771773840877e-105	feature	0.7142741680145264	0.40018203582501777	False
144	0.2034713178873062	0.7736695408821106	-0.5248300986493678	3.803307953317374e-192	-0.5206444171309226	1.3561146439891621e-188	feature	0.7736695408821106	0.5248300986493678	False
145	0.4770917594432831	0.7378466129302979	0.6739039127836779	0.0	0.6362934348615016	3.3894756195843786e-308	feature	0.7378466129302979	0.6739039127836779	False
146	0.24247990548610687	0.8429067730903625	0.016619644239784265	0.3866008858131583	0.08286063710284301	1.5339754223009615e-05	feature	0.8429067730903625	0.08286063710284301	False
147	0.3055593967437744	0.8126154541969299	0.32352820885767974	3.2704834959739234e-67	0.3780730006984222	5.050736019936436e-93	feature	0.8126154541969299	0.3780730006984222	False
148	0.21794842183589935	0.7502523064613342	-0.5883518594796971	1.0276522855421832e-252	-0.5287705057057644	1.5501256871031886e-195	feature	0.7502523064613342	0.5883518594796971	False
149	0.29922497272491455	0.4914393424987793	-0.6258953898834828	2.469367329734906e-295	-0.7034011377703402	0.0	feature	0.4914393424987793	0.7034011377703402	True
150	0.4060080051422119	0.8707253336906433	0.054359326035488556	0.0046006546351623325	0.0404918894064629	0.03484636892975571	feature	0.8707253336906433	0.054359326035488556	False
151	0.25217005610466003	0.6865413784980774	-0.21535048616854352	7.305469829597586e-30	-0.358140930440467	5.392061010909815e-83	feature	0.6865413784980774	0.358140930440467	False
152	0.38891229033470154	0.7694451808929443	-0.40028111536958466	4.6884342443280854e-105	-0.3892541253042238	5.774136172789989e-99	feature	0.7694451808929443	0.40028111536958466	False
153	0.41087889671325684	0.8072762489318848	0.6060437799468827	4.344748267266814e-272	0.6869221518765121	0.0	feature	0.8072762489318848	0.6869221518765121	False
154	0.3230498135089874	0.8514682650566101	-0.6036305801470665	2.2517060928574724e-269	-0.6086031320338217	5.4125129640878985e-275	feature	0.8514682650566101	0.6086031320338217	False
155	0.4237932562828064	0.8868448138237	-0.6981861435180974	0.0	-0.7396412002595044	0.0	feature	0.8868448138237	0.7396412002595044	False
156	0.10409071296453476	0.7788885235786438	-0.7798968301004208	0.0	-0.8676556860619468	0.0	feature	0.7788885235786438	0.8676556860619468	False
157	0.5152952671051025	0.737785816192627	0.4933950611535399	1.210289737520867e-166	0.4492086236461994	5.0839271659355165e-135	feature	0.737785816192627	0.4933950611535399	False
158	0.34371110796928406	0.8279057145118713	-0.2594085447362783	5.1681883825708006e-43	-0.32615251158929204	2.4422673992746686e-68	feature	0.8279057145118713	0.32615251158929204	False
159	0.20721232891082764	0.8497796058654785	-0.6278300369119405	1.08760090409025e-297	-0.6133257439008509	2.0113883732201825e-280	feature	0.8497796058654785	0.6278300369119405	False
160	0.4313260018825531	0.7634397745132446	-0.40009613862527166	5.9582388170491e-105	-0.4101977457577531	9.838294368007924e-111	feature	0.7634397745132446	0.4101977457577531	False
161	0.5456883907318115	0.7480378746986389	0.5958218906902673	9.523957830478407e-261	0.6088780420134112	2.6292199938176707e-275	feature	0.7480378746986389	0.6088780420134112	False
162	0.2364099621772766	0.8303436040878296	-0.5036082602154773	1.2252754280232996e-174	-0.48899826280653313	2.7660673808259306e-163	feature	0.8303436040878296	0.5036082602154773	False
163	0.09960072487592697	0.7215089797973633	-0.5300739348559323	1.1459838294302805e-196	-0.5275291348793474	1.8327760553147535e-194	feature	0.7215089797973633	0.5300739348559323	False
164	0.3937581479549408	0.788453996181488	-0.08368996392067489	1.2586153473321782e-05	-0.04483258971861419	0.01946201173274143	feature	0.788453996181488	0.08368996392067489	False
165	0.2121334820985794	0.8221703171730042	-0.5219597951485369	1.050438348155602e-189	-0.43577642956526286	2.6994671514133308e-126	feature	0.8221703171730042	0.5219597951485369	False
166	0.7521638870239258	0.7216393351554871	0.6561188331180874	0.0	0.6769540304763179	0.0	feature	0.7216393351554871	0.6769540304763179	False
167	0.4058651328086853	0.8323866724967957	-0.2986478433372373	4.48211969359016e-57	-0.229904576648854	6.564257949369811e-34	feature	0.8323866724967957	0.2986478433372373	False
168	0.33186787366867065	0.7873501181602478	0.1121096101771605	4.673252938443766e-09	0.12070065998067678	2.7807543652285447e-10	feature	0.7873501181602478	0.12070065998067678	False
169	0.4043075740337372	0.8611584305763245	-0.4057261272769834	3.7774042920234615e-108	-0.41875194275506283	8.670481688765114e-116	feature	0.8611584305763245	0.41875194275506283	False
170	0.35158810019493103	0.8583570122718811	-0.2767148904475279	6.217759895982791e-49	-0.3239557425593213	2.1468450125387355e-67	feature	0.8583570122718811	0.3239557425593213	False
171	0.7250999808311462	0.7785012722015381	0.7688503809845602	0.0	0.7718166846949368	0.0	feature	0.7785012722015381	0.7718166846949368	False
172	0.35805919766426086	0.8564276695251465	-0.5505535211159852	4.1541888395422663e-215	-0.5766338323291513	1.5792159899346845e-240	feature	0.8564276695251465	0.5766338323291513	False
173	0.5466727018356323	0.7503227591514587	0.43660031336570104	8.07896771161948e-127	0.5076381031475843	7.214943114711022e-178	feature	0.7503227591514587	0.5076381031475843	False
174	0.4638230800628662	0.7772073745727539	0.451813269636213	9.29861261018586e-137	0.36549462310570574	1.3014177820755687e-86	feature	0.7772073745727539	0.451813269636213	False
175	0.38501477241516113	0.7319566011428833	-0.1044078174820124	4.9347400682545e-08	-0.12212403884073929	1.708273874936901e-10	feature	0.7319566011428833	0.12212403884073929	False
176	0.45115166902542114	0.8707475662231445	0.38526364918259925	8.105373613410366e-97	0.36339942405489295	1.4281613267957156e-85	feature	0.8707475662231445	0.38526364918259925	False
177	0.26874008774757385	0.7810413241386414	-0.5770690294619001	5.683925532558947e-241	-0.6746878318299782	0.0	feature	0.7810413241386414	0.6746878318299782	False
178	0.42418959736824036	0.7587036490440369	-0.13163010357173502	5.707629590569659e-12	-0.25754581033467117	2.1113804579857433e-42	feature	0.7587036490440369	0.25754581033467117	False
179	0.44448137283325195	0.8150585889816284	-0.5848337741093782	5.283679757419553e-249	-0.677063770160633	0.0	feature	0.8150585889816284	0.677063770160633	False
180	0.4568728506565094	0.726495623588562	-0.22430057301075232	2.566990647570539e-32	-0.36285392882856476	2.656838933549013e-85	feature	0.726495623588562	0.36285392882856476	False
181	0.4222401976585388	0.7794373035430908	0.4647662614549549	1.2543181333345077e-145	0.5770762551052522	5.588231325885985e-241	feature	0.7794373035430908	0.5770762551052522	False
182	0.5153488516807556	0.7355605959892273	0.2453352359475101	1.6166918268501875e-38	0.3126682811583294	1.1472470317090024e-62	feature	0.7355605959892273	0.3126682811583294	False
183	0.4179692566394806	0.7817779183387756	-0.47738201544215353	1.2122533304068764e-154	-0.4304767274549041	5.8473418533436415e-123	feature	0.7817779183387756	0.47738201544215353	False
184	0.4808582067489624	0.7114835381507874	0.5130524770733822	2.8160797364037388e-182	0.5309230687845633	2.0873085536100472e-197	feature	0.7114835381507874	0.5309230687845633	False
185	0.24729228019714355	0.6277843713760376	-0.07534507585602222	8.480184610125659e-05	-0.08011922755103523	2.912103420970745e-05	feature	0.6277843713760376	0.08011922755103523	False
186	0.5394739508628845	0.6712138652801514	0.6255847269535646	5.880000088373519e-295	0.6648797551933954	0.0	feature	0.6712138652801514	0.6648797551933954	False
187	0.31439974904060364	0.7660727500915527	-0.2174675655931859	1.9629717858699818e-30	-0.2592162065790544	5.979739021989713e-43	feature	0.7660727500915527	0.2592162065790544	False
188	0.43771442770957947	0.8824126124382019	-0.632222262789741	4.216275647475749e-303	-0.6869481994001727	0.0	feature	0.8824126124382019	0.6869481994001727	False
189	0.25017377734184265	0.7885643243789673	0.6071177479142295	2.6446302774778156e-273	0.6390098477509168	1.22386446535e-311	feature	0.7885643243789673	0.6390098477509168	False
190	0.2932080030441284	0.7139571905136108	0.2236912405659158	3.8015621424218127e-32	0.23857808787753115	1.8515102349149686e-36	feature	0.7139571905136108	0.23857808787753115	False
191	0.39355865120887756	0.8269303441047668	0.5196819013025198	8.752166699527745e-188	0.6192845336805353	2.0863767770954661e-287	feature	0.8269303441047668	0.6192845336805353	False
192	0.20720086991786957	0.6703761219978333	-0.5930449251750155	9.765601240211936e-258	-0.7274345490996709	0.0	feature	0.6703761219978333	0.7274345490996709	False
193	0.35378703474998474	0.6842838525772095	0.28234937812724464	5.904043703070859e-51	0.3100981065901809	1.2817528799294667e-61	feature	0.6842838525772095	0.3100981065901809	False
194	0.27035996317863464	0.8737464547157288	-0.5631363366359544	4.33803659395448e-227	-0.5322927345285008	1.3248337696654452e-198	feature	0.8737464547157288	0.5631363366359544	False
195	0.41448143124580383	0.7227529287338257	-0.26459725100425585	9.646165090133324e-45	-0.25484832522659945	1.5881104006441234e-41	feature	0.7227529287338257	0.26459725100425585	False
196	0.19186922907829285	0.7222324013710022	-0.4589569187209015	1.3303697804340524e-141	-0.5248363832888605	3.756562265720389e-192	feature	0.7222324013710022	0.5248363832888605	False
197	0.03175690397620201	0.5752512812614441	-0.6793540100930971	0.0	-0.6547728230755746	0.0	feature	0.5752512812614441	0.6793540100930971	False
198	0.48278069496154785	0.7697225213050842	0.03614468577642843	0.05964105337385742	0.07341266986918968	0.0001284943289804268	feature	0.7697225213050842	0.07341266986918968	False
199	0.1839216649532318	0.7446095943450928	-0.05719660901266497	0.00286479604237347	-0.0278489526321043	0.14678859962416965	feature	0.7446095943450928	0.05719660901266497	False
200	0.34832754731178284	0.841881513595581	-0.3890307530427391	7.62910286118105e-99	-0.44393903145138014	1.4997998605478593e-131	feature	0.841881513595581	0.44393903145138014	False
201	0.40122079849243164	0.6124367713928223	0.4443423603619998	8.17737196826567e-132	0.4039464377083716	3.933439817581693e-107	feature	0.6124367713928223	0.4443423603619998	False
202	0.3284185528755188	0.6327407360076904	-0.5841447886219006	2.7823025072143082e-248	-0.656227971944882	0.0	feature	0.6327407360076904	0.656227971944882	False
203	0.26204484701156616	0.674968957901001	-0.6526547223079325	0.0	-0.6473977481237331	1.8e-322	feature	0.674968957901001	0.6526547223079325	False
204	0.24510999023914337	0.7546523213386536	0.10125904711747925	1.2345232494993464e-07	0.09082581872268239	2.126308243437139e-06	feature	0.7546523213386536	0.10125904711747925	False
205	0.34709224104881287	0.7421589493751526	-0.10790711013414114	1.7255136747920446e-08	-0.16185392625097486	2.1168879189336192e-17	feature	0.7421589493751526	0.16185392625097486	False
206	0.37554165720939636	0.865680456161499	0.28197639663674434	8.062956939506131e-51	0.30504952797951707	1.3689607251239205e-59	feature	0.865680456161499	0.30504952797951707	False
207	0.5102168321609497	0.5765315294265747	0.7198925096768934	0.0	0.6911589892253006	0.0	feature	0.5765315294265747	0.7198925096768934	False
208	0.24817949533462524	0.5127576589584351	0.40081818635103716	2.3357790791583148e-105	0.4030671561206904	1.2451878852977912e-106	feature	0.5127576589584351	0.4030671561206904	False
209	0.4076462686061859	0.7092336416244507	0.6522166008934185	0.0	0.6798530467576576	0.0	feature	0.7092336416244507	0.6798530467576576	False
210	0.2793011963367462	0.8409751653671265	0.35559517900600224	9.16090540089964e-82	0.4673129645946873	2.0369083651457212e-147	feature	0.8409751653671265	0.4673129645946873	False
211	0.3691673278808594	0.7332875728607178	0.4339768775176387	3.7205758982350556e-125	0.3524213816046991	3.018968901595779e-80	feature	0.7332875728607178	0.4339768775176387	False
212	0.32821381092071533	0.7131804823875427	0.41542705556429466	8.323306440428264e-114	0.38954080588834056	4.037131277897192e-99	feature	0.7131804823875427	0.41542705556429466	False
213	0.24151511490345	0.8910939693450928	-0.6873134264215592	0.0	-0.7072540920102796	0.0	feature	0.8910939693450928	0.7072540920102796	False
214	0.0904482826590538	0.8333765268325806	-0.3872783653133359	6.735608548398729e-98	-0.3899775871356381	2.3387783358988303e-99	feature	0.8333765268325806	0.3899775871356381	False
215	0.20012612640857697	0.7354041934013367	-0.5901219189886083	1.340788495734851e-254	-0.6700579446191037	0.0	feature	0.7354041934013367	0.6700579446191037	False
216	0.2209281027317047	0.8228135704994202	-0.32517931375415443	6.411635567754227e-68	-0.24451456340131475	2.8980226007567344e-38	feature	0.8228135704994202	0.32517931375415443	False
217	0.33441826701164246	0.7234615087509155	0.6407922657685434	6.4561056226e-314	0.5896179405429121	4.624957572190993e-254	feature	0.7234615087509155	0.6407922657685434	False
218	0.16168905794620514	0.772201657295227	-0.66265998499825	0.0	-0.7441878972314926	0.0	feature	0.772201657295227	0.7441878972314926	False
219	0.18196190893650055	0.7331629395484924	0.4146697804762026	2.336949051069648e-113	0.5042593196569679	3.7096074405172074e-175	feature	0.7331629395484924	0.5042593196569679	False
220	0.3338429629802704	0.7976014614105225	-0.015106538735842534	0.4313031528061515	0.014731831256514073	0.4428191271903469	feature	0.7976014614105225	0.015106538735842534	False
221	0.502258837223053	0.8217480778694153	-0.11130206834130725	6.029265946551137e-09	-0.1940169734483142	1.9087513275413418e-24	feature	0.8217480778694153	0.1940169734483142	False
222	0.4871448576450348	0.6623222231864929	0.7419405157488981	0.0	0.7103440392125506	0.0	feature	0.6623222231864929	0.7419405157488981	False
223	0.31148427724838257	0.6794130206108093	0.5887402448179287	3.9751378265285357e-253	0.5826047454960855	1.1241151884047731e-246	feature	0.6794130206108093	0.5887402448179287	False
224	0.1344352811574936	0.7968583703041077	-0.4653988168361937	4.522296995520795e-146	-0.4114048808494435	1.9430709367562764e-111	feature	0.7968583703041077	0.4653988168361937	False
225	0.2318052351474762	0.8207402229309082	-0.6420684740739181	1.478308256e-315	-0.5740488882038568	6.618064673715326e-238	feature	0.8207402229309082	0.6420684740739181	False
226	0.3083060681819916	0.8493018746376038	0.04634555032019743	0.01571378068930496	0.17565907006762388	2.9134797574146815e-20	feature	0.8493018746376038	0.17565907006762388	False
227	0.23415789008140564	0.6655557155609131	-0.6327085797759741	1.0479905080509255e-303	-0.6185634943104485	1.487688371735852e-286	feature	0.6655557155609131	0.6327085797759741	False
228	0.17739665508270264	0.574550211429596	-0.3666664196438851	3.3819615114955274e-87	-0.457664385878548	1.0211221574165388e-140	feature	0.574550211429596	0.457664385878548	False
229	0.49370643496513367	0.8436782956123352	-0.6953007928454554	0.0	-0.7908789085993131	0.0	feature	0.8436782956123352	0.7908789085993131	False
230	0.34866201877593994	0.8744418025016785	-0.5995601385400612	7.566146154915804e-265	-0.5945119116761388	2.5281713524627607e-259	feature	0.8744418025016785	0.5995601385400612	False
231	0.28101232647895813	0.747660756111145	-0.07398749423037207	0.00011366918837044458	-0.042451844498755616	0.026941271545266397	feature	0.747660756111145	0.07398749423037207	False
232	0.4098064601421356	0.7828158140182495	-0.5309600526067096	1.9378759611111596e-197	-0.5013288706746163	7.87246875510056e-173	feature	0.7828158140182495	0.5309600526067096	False
233	0.45725440979003906	0.5955970287322998	0.8436677390936804	0.0	0.8197885791530686	0.0	feature	0.5955970287322998	0.8436677390936804	True
234	0.39371687173843384	0.7429664731025696	0.3020447148965917	2.1127294930665753e-58	0.3208489019161439	4.503363947201189e-66	feature	0.7429664731025696	0.3208489019161439	False
235	0.3615635931491852	0.8871148824691772	-0.7335125015309196	0.0	-0.7773694718727612	0.0	feature	0.8871148824691772	0.7773694718727612	False
236	0.29701489210128784	0.866269052028656	0.22694701999560152	4.601109650296635e-33	0.2361764233609589	9.63726177330856e-36	feature	0.866269052028656	0.2361764233609589	False
237	0.3601851165294647	0.6301963925361633	-0.41774858755620486	3.4561325070390143e-115	-0.4649453343270996	9.398916880358633e-146	feature	0.6301963925361633	0.4649453343270996	False
238	0.39337876439094543	0.8727529644966125	-0.5093026823273098	3.245873596352992e-179	-0.490568779613753	1.768825664846979e-164	feature	0.8727529644966125	0.5093026823273098	False
239	0.4253319501876831	0.8794533014297485	-0.6473934504058906	1.8e-322	-0.6560802473242275	0.0	feature	0.8794533014297485	0.6560802473242275	False
240	0.5257248282432556	0.8454671502113342	0.04412547361094937	0.02146681670248494	0.034986666204147955	0.0682946286856842	feature	0.8454671502113342	0.04412547361094937	False
241	0.3844127357006073	0.7262713313102722	-0.2066937776992179	1.363742060888298e-27	-0.2641934784578095	1.319163219526688e-44	feature	0.7262713313102722	0.2641934784578095	False
242	0.13337823748588562	0.4258478581905365	0.7248478183150889	0.0	0.7542477592097206	0.0	feature	0.4258478581905365	0.7542477592097206	True
243	0.25535959005355835	0.6509963870048523	-0.5116787584827436	3.764653185832489e-181	-0.5147543346315059	1.1153271807057482e-183	feature	0.6509963870048523	0.5147543346315059	False
244	0.43454858660697937	0.7349064946174622	-0.46263090021818476	3.8651215006721087e-144	-0.48775051254245994	2.4332325475466997e-162	feature	0.7349064946174622	0.48775051254245994	False
245	0.28349900245666504	0.8733350038528442	-0.6488487904854726	0.0	-0.6478769181018619	4e-323	feature	0.8733350038528442	0.6488487904854726	False
246	0.17610101401805878	0.8809488415718079	-0.5697059765557608	1.493112322489195e-233	-0.47982810634881046	1.9565519592439605e-156	feature	0.8809488415718079	0.5697059765557608	False
247	0.25777480006217957	0.8078951835632324	-0.4738601710490349	4.3488108804664966e-152	-0.48719516605325974	6.385904482096499e-162	feature	0.8078951835632324	0.48719516605325974	False
248	0.5296127200126648	0.8271564841270447	0.5913170765093634	7.052126705139098e-256	0.6820707653314176	0.0	feature	0.8271564841270447	0.6820707653314176	False
249	0.6398817896842957	0.7114614248275757	0.6983160430316	0.0	0.6384908531554305	5.5991504791507e-311	feature	0.7114614248275757	0.6983160430316	False
250	0.41546788811683655	0.8707504272460938	-0.20113398592332007	3.472525297717321e-26	-0.20704773283474995	1.1062077665012945e-27	feature	0.8707504272460938	0.20704773283474995	False
251	0.18355411291122437	0.7924160361289978	-0.6924953402742947	0.0	-0.6682433821278666	0.0	feature	0.7924160361289978	0.6924953402742947	False
252	0.4118640124797821	0.7065812349319458	-0.09395968817990082	9.326844796589515e-07	-0.14136634035649392	1.3501248524217308e-13	feature	0.7065812349319458	0.14136634035649392	False
253	0.7446472644805908	0.7161752581596375	0.7615977876207827	0.0	0.7249794266205217	0.0	feature	0.7161752581596375	0.7615977876207827	False
254	0.4090280830860138	0.7526600956916809	-0.5557995207372012	4.848801194709662e-220	-0.5975335858383357	1.2829776299808272e-262	feature	0.7526600956916809	0.5975335858383357	False
255	0.5257791876792908	0.7202215194702148	0.27341614819033755	9.03304133376826e-48	0.2538717414921721	3.2777108501579026e-41	feature	0.7202215194702148	0.27341614819033755	False
