dim	activation_sd	eta2_community_type	rho_log_abundance	p_log_abundance	rho_mean_fraction	p_mean_fraction	best_task	best_eta2	max_abs_rho_depth	depth_dominated
0	0.9290754199028015	0.44562268257141113	-0.4535692699078661	6.141538293622807e-138	-0.5455342065961487	1.8059886119895876e-210	community_type	0.44562268257141113	0.5455342065961487	False
1	1.9620587825775146	0.9815574884414673	-0.432826322172856	1.9744355495318326e-124	-0.5602692541498888	2.5862548217810704e-224	community_type	0.9815574884414673	0.5602692541498888	False
2	0.08217128366231918	0.26415011286735535	-0.35893877874117164	2.2074142740112585e-83	-0.4308457064774116	3.440668402846549e-123	community_type	0.26415011286735535	0.4308457064774116	False
3	1.8385573625564575	0.8420135974884033	-0.36239430913034926	4.4782149743717055e-85	-0.46914840159046944	1.0229790508894023e-148	community_type	0.8420135974884033	0.46914840159046944	False
4	2.5770304203033447	0.8210346698760986	-0.33612088113170624	1.0111665667406645e-72	-0.4525965481825713	2.7724354903510755e-137	community_type	0.8210346698760986	0.4525965481825713	False
5	1.0528597831726074	0.08292944729328156	0.438000834705999	1.0313464128907671e-127	0.5474797337977799	2.9393464316148085e-212	community_type	0.08292944729328156	0.5474797337977799	True
6	1.2740442752838135	0.8357546329498291	-0.5404862604214923	6.96088622652964e-206	-0.6707572226085482	0.0	community_type	0.8357546329498291	0.6707572226085482	False
7	1.3697987794876099	0.886989951133728	-0.4971084637028264	1.6125032604625965e-169	-0.6226467008622479	2.05008270888822e-291	community_type	0.886989951133728	0.6226467008622479	False
8	1.881515383720398	0.5644998550415039	0.2273152096450776	3.616072942006639e-33	0.21011829424715742	1.7713543657584192e-28	community_type	0.5644998550415039	0.2273152096450776	False
9	1.9511831998825073	0.7641168832778931	-0.33424399646254027	6.959733009553019e-72	-0.40779418042406157	2.437351525945748e-109	community_type	0.7641168832778931	0.40779418042406157	False
10	0.18088190257549286	0.11766674369573593	0.41516017211983197	1.1979511083126503e-113	0.5069265702306489	2.702074879220639e-177	community_type	0.11766674369573593	0.5069265702306489	True
11	2.09202241897583	0.9509769678115845	-0.25113611412542636	2.453851069222651e-40	-0.39157486474483555	3.154452447674879e-100	community_type	0.9509769678115845	0.39157486474483555	False
12	1.1873700618743896	0.9784138202667236	0.08943221406628053	3.041558971259987e-06	0.03660245690891875	0.05648078850385871	community_type	0.9784138202667236	0.08943221406628053	False
13	0.0711449608206749	0.4701094925403595	-0.26505199647877414	6.775878029689489e-45	-0.3254156285250869	5.073702937656104e-68	community_type	0.4701094925403595	0.3254156285250869	False
14	1.6044502258300781	0.7269946336746216	0.40498489373994356	1.0040732411210665e-107	0.4534355355320688	7.557856141221607e-138	community_type	0.7269946336746216	0.4534355355320688	False
15	0.20748308300971985	0.05578818544745445	-0.490225070454402	3.232698343188139e-164	-0.6029654357311021	1.2491967358862858e-268	community_type	0.05578818544745445	0.6029654357311021	True
16	0.5120432376861572	0.23433522880077362	0.4397249580449642	8.074373397096759e-129	0.5266203481942585	1.1107601680536886e-193	community_type	0.23433522880077362	0.5266203481942585	True
17	0.05898796766996384	0.4506462812423706	-0.14110301394489375	1.4992852146089238e-13	-0.1791971827255226	4.919991099441199e-21	community_type	0.4506462812423706	0.1791971827255226	False
18	3.6076934337615967	0.8252160549163818	-0.4724724486307387	4.3335896900597596e-151	-0.579123219860962	4.475439316270987e-243	community_type	0.8252160549163818	0.579123219860962	False
19	2.3340539932250977	0.8678946495056152	-0.4614688726323391	2.471043177097698e-143	-0.6065062137365617	1.303517544430195e-272	community_type	0.8678946495056152	0.6065062137365617	False
20	0.4626963138580322	0.012917517684400082	-0.09431280343877711	8.48572170848803e-07	-0.18233389128653066	9.855813908901838e-22	community_type	0.012917517684400082	0.18233389128653066	True
21	0.22946031391620636	0.6772981286048889	-0.2528701087127757	6.869396565587072e-41	-0.2925304931167821	9.903258537659783e-55	community_type	0.6772981286048889	0.2925304931167821	False
22	0.3366721272468567	0.10758458077907562	-0.5611829620640618	3.397337006679279e-225	-0.6585506419088252	0.0	community_type	0.10758458077907562	0.6585506419088252	True
23	0.05935831740498543	0.4426477253437042	-0.1365653148002051	8.845679900740389e-13	-0.15997460805865685	4.972241045943592e-17	community_type	0.4426477253437042	0.15997460805865685	False
24	0.17874619364738464	0.048176392912864685	-0.06790786206197971	0.0003978663200253234	-0.12331416535328277	1.1317519264157495e-10	community_type	0.048176392912864685	0.12331416535328277	False
25	0.15215890109539032	0.048393361270427704	0.027000068328916396	0.1595091886177569	0.024488644426004243	0.2020135623110293	community_type	0.048393361270427704	0.027000068328916396	False
26	0.26582440733909607	0.04557826370000839	-0.4692641956861522	8.465300721649852e-149	-0.5295378427208531	3.3498710492875105e-196	community_type	0.04557826370000839	0.5295378427208531	True
27	0.08003393560647964	0.26910844445228577	-0.3643269663648496	4.95644733811844e-86	-0.445620124286164	1.1905173671436253e-132	community_type	0.26910844445228577	0.445620124286164	False
28	1.2426055669784546	0.38995471596717834	0.3503733125290313	2.819380462796167e-79	0.42941370060906425	2.6847108601890674e-122	community_type	0.38995471596717834	0.42941370060906425	False
29	2.2619788646698	0.7929253578186035	-0.2064515293186771	1.5734225133368556e-27	-0.27320581252109016	1.0700243506962155e-47	community_type	0.7929253578186035	0.27320581252109016	False
30	0.9261749982833862	0.731511116027832	0.46135504802033367	2.962343992886182e-143	0.5383841290503006	5.3639714144421285e-204	community_type	0.731511116027832	0.5383841290503006	False
31	1.2713987827301025	0.8231368064880371	-0.4798930149327987	1.7528229730775757e-156	-0.5925211680809035	3.58333643919293e-257	community_type	0.8231368064880371	0.5925211680809035	False
32	0.4567171633243561	0.41488152742385864	0.46537032253629823	4.735184151599483e-146	0.5774354157305236	2.401634261513075e-241	community_type	0.41488152742385864	0.5774354157305236	False
33	2.1437251567840576	0.7768815755844116	-0.4054287311305229	5.593309376174197e-108	-0.5200103639547793	4.635047503724249e-188	community_type	0.7768815755844116	0.5200103639547793	False
34	3.4128572940826416	0.5055682063102722	-0.43625667694572284	1.3367699855388181e-126	-0.5062358032244596	9.70792632456199e-177	community_type	0.5055682063102722	0.5062358032244596	False
35	1.4038723707199097	0.011394165456295013	-0.42756286502052876	3.764876766408613e-121	-0.5659572634509952	7.583987606641892e-230	community_type	0.011394165456295013	0.5659572634509952	True
36	1.9114738702774048	0.04829651117324829	-0.5724553075462376	2.6651135030930647e-236	-0.6834842244669089	0.0	community_type	0.04829651117324829	0.6834842244669089	True
37	0.4284249544143677	0.03126947209239006	-0.544545547169741	1.4489703640142142e-209	-0.6714245144705043	0.0	community_type	0.03126947209239006	0.6714245144705043	True
38	0.1368790566921234	0.1124734953045845	-0.5629015992247403	7.337468145896999e-227	-0.6963919513407373	0.0	community_type	0.1124734953045845	0.6963919513407373	True
39	4.656579971313477	0.8199502825737	-0.49489528630966895	8.423592513971275e-168	-0.6431987549460179	5.1352027e-317	community_type	0.8199502825737	0.6431987549460179	False
40	0.05474524945020676	0.5509783029556274	0.0009531430105341182	0.9604009525698538	-0.008231775997089562	0.6680608444475835	community_type	0.5509783029556274	0.008231775997089562	False
41	2.6736538410186768	0.7839007377624512	-0.4207930125319288	5.1292713588737e-117	-0.5225466648364119	3.3430289366507423e-190	community_type	0.7839007377624512	0.5225466648364119	False
42	0.16544973850250244	0.12602989375591278	0.4412459999560743	8.429329214905582e-130	0.5092619492923205	3.502516406282241e-179	community_type	0.12602989375591278	0.5092619492923205	True
43	0.07357741892337799	0.44555363059043884	-0.522676266546326	2.595387923929833e-190	-0.66366859967273	0.0	community_type	0.44555363059043884	0.66366859967273	False
44	2.6762475967407227	0.8076702952384949	-0.5366153879705514	2.026495945898215e-202	-0.6503537220084534	0.0	community_type	0.8076702952384949	0.6503537220084534	False
45	2.632805585861206	0.8407117128372192	-0.6031425842032597	7.918093915540442e-269	-0.7204290499939782	0.0	community_type	0.8407117128372192	0.7204290499939782	False
46	0.07819601148366928	0.4689231216907501	-0.6075960746060091	7.576308676345192e-274	-0.7333920347969359	0.0	community_type	0.4689231216907501	0.7333920347969359	True
47	1.5310531854629517	0.5224171876907349	0.3128804407144697	9.390066197473348e-63	0.37509416261606987	1.7680305655720772e-91	community_type	0.5224171876907349	0.37509416261606987	False
48	0.07550479471683502	0.23903381824493408	-0.008116934655044717	0.6724204863952933	-0.03488141117802018	0.06912988582181527	community_type	0.23903381824493408	0.03488141117802018	False
49	3.5010035037994385	0.9137083292007446	-0.39427757420315135	1.0368055233809998e-101	-0.5236738476231859	3.684524350410265e-191	community_type	0.9137083292007446	0.5236738476231859	False
50	1.0032631158828735	0.5151582360267639	0.31259102172843545	1.234004179232099e-62	0.37588365766829485	6.915385431637736e-92	community_type	0.5151582360267639	0.37588365766829485	False
51	1.1605656147003174	0.42219609022140503	0.2999971484512627	1.3386078363143385e-57	0.3622074182646193	5.535991357394082e-85	community_type	0.42219609022140503	0.3622074182646193	False
52	0.7123275995254517	0.53456711769104	-0.4672959308561925	2.0940675258752008e-147	-0.6062553003462444	2.5056325073854768e-272	community_type	0.53456711769104	0.6062553003462444	False
53	0.053382374346256256	0.16228516399860382	-0.2389995909119995	1.383444182021641e-36	-0.34433685135858033	1.854553716002979e-76	community_type	0.16228516399860382	0.34433685135858033	False
54	0.8956269025802612	0.01858174428343773	-0.5604402481117933	1.769733415497024e-224	-0.6710452940989886	0.0	community_type	0.01858174428343773	0.6710452940989886	True
55	1.9350204467773438	0.8113327026367188	-0.335540779941959	1.8381561604977968e-72	-0.3724675893975761	3.941271265769966e-90	community_type	0.8113327026367188	0.3724675893975761	False
56	0.06856385618448257	0.2608311176300049	-0.33686771037041396	4.675607640998436e-73	-0.39380961319946944	1.8771763542603714e-101	community_type	0.2608311176300049	0.39380961319946944	False
57	4.041983127593994	0.7538240551948547	-0.4833688809561198	4.692796936894755e-159	-0.600385016305107	9.26553281734721e-266	community_type	0.7538240551948547	0.600385016305107	False
58	5.290822982788086	0.5495170950889587	-0.4326797327689658	2.44112863601088e-124	-0.5216233533654323	2.022943823541728e-189	community_type	0.5495170950889587	0.5216233533654323	False
59	0.36406460404396057	0.03151450678706169	-0.4453570302205449	1.7715091270461423e-132	-0.5437552285065046	7.617417489158087e-209	community_type	0.03151450678706169	0.5437552285065046	True
60	0.9906430244445801	0.19230692088603973	0.5842254549777137	2.2909963831641815e-248	0.6916906628654621	0.0	community_type	0.19230692088603973	0.6916906628654621	True
61	0.14225542545318604	0.06150425225496292	-0.5019523395670409	2.5291482249881707e-173	-0.5887313161735079	4.06294894819619e-253	community_type	0.06150425225496292	0.5887313161735079	True
62	1.101011037826538	0.849716305732727	0.25691908374641503	3.381402071607946e-42	0.2586103905181838	9.459134599463e-43	community_type	0.849716305732727	0.2586103905181838	False
63	0.033677838742733	0.04502541199326515	-0.2935067315658459	4.221899881978919e-55	-0.3540996477182354	4.77938654998068e-81	community_type	0.04502541199326515	0.3540996477182354	True
